{
	"info": {
		"_postman_id": "0a37f78f-83f6-4d60-8669-5b9ea55d5ee6",
		"name": "1. Configuración inicial (beta | producción) ✅",
		"description": "Colección completa del sistema de facturación electrónica SUNAT con soporte para ambientes Beta y Producción. Incluye configuración paso a paso, todos los endpoints disponibles y workflows completos desde configuración inicial hasta operaciones diarias.\n\n🏗️ **CONFIGURACIÓN INICIAL REQUERIDA:**\n1. Configurar variables de ambiente (beta/producción)\n2. Ejecutar setup inicial del sistema\n3. Crear usuario administrador\n4. Configurar empresa con credenciales SUNAT\n5. Configurar sucursales y correlativos\n\n📋 **MÓDULOS INCLUIDOS:**\n- Setup e inicialización del sistema\n- Gestión de usuarios y autenticación\n- Configuración de empresas multi-tenant\n- Configuraciones avanzadas por empresa\n- Gestión de sucursales y clientes\n- Documentos electrónicos (Facturas, Boletas, Notas)\n- Guías de remisión electrónicas (GRE)\n- Resúmenes diarios y anulaciones\n- Consultas CPE avanzadas\n- Servicios de ubigeo peruano\n\n🔄 **AMBIENTES:**\n- **Beta**: Ambiente de pruebas SUNAT\n- **Producción**: Ambiente productivo SUNAT",
		"schema": "https://schema.getpostman.com/json/collection/v2.1.0/collection.json",
		"_exporter_id": "20633485"
	},
	"item": [
		{
			"name": "1. Inicialización del API ✅",
			"item": [
				{
					"name": "1.1 - Verificar Estado del Sistema",
					"request": {
						"method": "GET",
						"header": [
							{
								"key": "Accept",
								"value": "application/json"
							}
						],
						"url": {
							"raw": "{{base_url}}/api/setup/status",
							"host": [
								"{{base_url}}"
							],
							"path": [
								"api",
								"setup",
								"status"
							]
						},
						"description": "Verifica el estado actual del sistema, base de datos y dependencias."
					},
					"response": []
				},
				{
					"name": "1.2 - Ejecutar Migraciones",
					"request": {
						"method": "POST",
						"header": [
							{
								"key": "Accept",
								"value": "application/json"
							}
						],
						"url": {
							"raw": "{{base_url}}/api/setup/migrate",
							"host": [
								"{{base_url}}"
							],
							"path": [
								"api",
								"setup",
								"migrate"
							]
						},
						"description": "Ejecuta todas las migraciones pendientes de base de datos."
					},
					"response": []
				},
				{
					"name": "1.3 - Ejecutar Seeders",
					"request": {
						"method": "POST",
						"header": [
							{
								"key": "Accept",
								"value": "application/json"
							}
						],
						"url": {
							"raw": "{{base_url}}/api/setup/seed",
							"host": [
								"{{base_url}}"
							],
							"path": [
								"api",
								"setup",
								"seed"
							]
						},
						"description": "Ejecuta los seeders para datos iniciales (roles, permisos, ubigeos)."
					},
					"response": []
				},
				{
					"name": "1.4 - Información del Sistema",
					"request": {
						"method": "GET",
						"header": [
							{
								"key": "Accept",
								"value": "application/json"
							}
						],
						"url": {
							"raw": "{{base_url}}/api/system/info",
							"host": [
								"{{base_url}}"
							],
							"path": [
								"api",
								"system",
								"info"
							]
						},
						"description": "Obtiene información detallada del sistema y configuración."
					},
					"response": []
				}
			],
			"description": "Configuración inicial del sistema antes de cualquier operación. Incluye migraciones, seeders y verificación del estado del sistema."
		},
		{
			"name": "2. Gestion de usuarios y autenticación ✅",
			"item": [
				{
					"name": "2.1 - Inicializar Usuario Administrador",
					"event": [
						{
							"listen": "test",
							"script": {
								"exec": [
									"if (pm.response.code === 201) {",
									"    var jsonData = pm.response.json();",
									"    if (jsonData.success) {",
									"        console.log('✅ Usuario administrador creado exitosamente');",
									"        console.log('📧 Email: ' + jsonData.data.email);",
									"    }",
									"}"
								],
								"type": "text/javascript",
								"packages": {},
								"requests": {}
							}
						}
					],
					"request": {
						"method": "POST",
						"header": [
							{
								"key": "Accept",
								"value": "application/json"
							},
							{
								"key": "Content-Type",
								"value": "application/json"
							}
						],
						"body": {
							"mode": "raw",
							"raw": "{\n    \"name\": \"Administrador del Sistema\",\n    \"email\": \"admin@sistema-sunat.com\",\n    \"password\": \"Admin123!@#\",\n    \"password_confirmation\": \"Admin123!@#\"\n}"
						},
						"url": {
							"raw": "{{base_url}}/api/auth/initialize",
							"host": [
								"{{base_url}}"
							],
							"path": [
								"api",
								"auth",
								"initialize"
							]
						},
						"description": "Crea el primer usuario administrador del sistema. Solo funciona si no existen usuarios."
					},
					"response": []
				},
				{
					"name": "2.2 - Login y Obtener Token de Acceso",
					"event": [
						{
							"listen": "test",
							"script": {
								"exec": [
									"if (pm.response.code === 200) {",
									"    var jsonData = pm.response.json();",
									"    if (jsonData.access_token) {",
									"        pm.collectionVariables.set('access_token', jsonData.access_token);",
									"        pm.collectionVariables.set('token_type', jsonData.token_type || 'Bearer');",
									"        pm.collectionVariables.set('user_id', jsonData.user.id);",
									"        pm.collectionVariables.set('user_name', jsonData.user.name);",
									"        console.log('✅ Token obtenido: ' + jsonData.access_token.substring(0, 20) + '...');",
									"        console.log('👤 Usuario: ' + jsonData.user.name + ' (' + jsonData.user.email + ')');",
									"        console.log('⏰ Expira en: ' + (jsonData.expires_in || 1440) + ' minutos');",
									"    }",
									"}"
								],
								"type": "text/javascript",
								"packages": {},
								"requests": {}
							}
						}
					],
					"request": {
						"method": "POST",
						"header": [
							{
								"key": "Accept",
								"value": "application/json"
							},
							{
								"key": "Content-Type",
								"value": "application/json"
							}
						],
						"body": {
							"mode": "raw",
							"raw": "{\n    \"email\": \"admin@sistema-sunat.com\",\n    \"password\": \"Admin123!@#\",\n    \"token_name\": \"API Access Token\",\n    \"abilities\": [\"*\"]\n}"
						},
						"url": {
							"raw": "{{base_url}}/api/auth/login",
							"host": [
								"{{base_url}}"
							],
							"path": [
								"api",
								"auth",
								"login"
							]
						},
						"description": "Autentica usuario y obtiene token de acceso. El token se guarda automáticamente."
					},
					"response": []
				},
				{
					"name": "2.3 - Verificar Usuario Autenticado",
					"request": {
						"method": "GET",
						"header": [
							{
								"key": "Accept",
								"value": "application/json"
							},
							{
								"key": "Authorization",
								"value": "Bearer {{access_token}}"
							}
						],
						"url": {
							"raw": "{{base_url}}/api/v1/auth/me",
							"host": [
								"{{base_url}}"
							],
							"path": [
								"api",
								"v1",
								"auth",
								"me"
							]
						},
						"description": "Obtiene información del usuario actualmente autenticado."
					},
					"response": []
				},
				{
					"name": "2.4 - Crear Usuario Adicional",
					"request": {
						"method": "POST",
						"header": [
							{
								"key": "Accept",
								"value": "application/json"
							},
							{
								"key": "Content-Type",
								"value": "application/json"
							},
							{
								"key": "Authorization",
								"value": "Bearer {{access_token}}"
							}
						],
						"body": {
							"mode": "raw",
							"raw": "// ANTES DE CREAR OTRO USUARIO CREAR LA COMPAÑIA\n{\n    \"name\": \"Usuario Operativo\",\n    \"email\": \"operativo@empresa.com\",\n    \"password\": \"User123!@#\",\n    \"password_confirmation\": \"User123!@#\",\n    \"role\": \"company_user\",\n    \"company_id\": {{company_id}}\n}"
						},
						"url": {
							"raw": "{{base_url}}/auth/create-user",
							"host": [
								"{{base_url}}"
							],
							"path": [
								"auth",
								"create-user"
							]
						},
						"description": "Crea usuarios adicionales para el sistema con roles específicos."
					},
					"response": []
				},
				{
					"name": "2.5 - Logout",
					"request": {
						"method": "POST",
						"header": [
							{
								"key": "Accept",
								"value": "application/json"
							},
							{
								"key": "Authorization",
								"value": "Bearer {{access_token}}"
							}
						],
						"url": {
							"raw": "{{base_url}}/v1/auth/logout",
							"host": [
								"{{base_url}}"
							],
							"path": [
								"v1",
								"auth",
								"logout"
							]
						},
						"description": "Cierra sesión y revoca el token actual."
					},
					"response": []
				}
			],
			"description": "Sistema de autenticación completo con Laravel Sanctum, gestión de usuarios y tokens de API."
		},
		{
			"name": "3. Gestion de empresa ✅",
			"item": [
				{
					"name": "3.1 - Listar Empresas",
					"event": [
						{
							"listen": "test",
							"script": {
								"exec": [
									"if (pm.response.code === 200) {",
									"    var jsonData = pm.response.json();",
									"    if (jsonData.success && jsonData.data && jsonData.data.length > 0) {",
									"        pm.collectionVariables.set('company_id', jsonData.data[0].id);",
									"        pm.collectionVariables.set('company_ruc', jsonData.data[0].ruc);",
									"        pm.collectionVariables.set('company_name', jsonData.data[0].razon_social);",
									"        console.log('✅ Company ID seleccionado: ' + jsonData.data[0].id);",
									"        console.log('🏢 Empresa: ' + jsonData.data[0].razon_social);",
									"        console.log('📄 RUC: ' + jsonData.data[0].ruc);",
									"    }",
									"}"
								],
								"type": "text/javascript",
								"packages": {},
								"requests": {}
							}
						}
					],
					"request": {
						"method": "GET",
						"header": [
							{
								"key": "Accept",
								"value": "application/json"
							},
							{
								"key": "Authorization",
								"value": "Bearer {{access_token}}"
							}
						],
						"url": {
							"raw": "{{base_url}}/api/v1/companies",
							"host": [
								"{{base_url}}"
							],
							"path": [
								"api",
								"v1",
								"companies"
							]
						},
						"description": "Lista todas las empresas del usuario autenticado."
					},
					"response": []
				},
				{
					"name": "3.2 - Crear nueva empresa (Datos generales)",
					"request": {
						"method": "POST",
						"header": [
							{
								"key": "Accept",
								"value": "application/json"
							},
							{
								"key": "Content-Type",
								"value": "application/json",
								"type": "text"
							},
							{
								"key": "Authorization",
								"value": "Bearer {{access_token}}"
							}
						],
						"body": {
							"mode": "raw",
							"raw": " {\r\n    \"ruc\": \"20161515648\",\r\n    \"razon_social\": \"EMPRESA DEMO SUNAT ACTUALIZADA SAC\",\r\n    \"nombre_comercial\": \"Empresa Demo Actualizada\",\r\n    \"direccion\": \"Av. Javier Prado Este 4200, San Borja\",\r\n    \"ubigeo\": \"150101\",\r\n    \"distrito\": \"Lima\",\r\n    \"provincia\": \"Lima\",\r\n    \"departamento\": \"Lima\",\r\n    \"telefono\": \"01-4567890\",\r\n    \"email\": \"contacto@techsolutions.com\",\r\n    \"web\": \"https://techsolutions.com\",\r\n    \"telefono_2\": \"987654321\",\r\n    \"telefono_3\": \"912345678\",\r\n    \"whatsapp\": \"987654321\",\r\n    \"email_ventas\": \"ventas@techsolutions.com\",\r\n    \"email_soporte\": \"soporte@techsolutions.com\",\r\n    \"facebook\": \"https://facebook.com/techsolutions\",\r\n    \"instagram\": \"https://instagram.com/techsolutions\",\r\n    \"twitter\": \"https://twitter.com/techsolutions\",\r\n    \"linkedin\": \"https://linkedin.com/company/techsolutions\",\r\n    \"tiktok\": \"https://tiktok.com/@techsolutions\",\r\n    \"cuentas_bancarias\": [\r\n      {\r\n        \"banco\": \"BCP\",\r\n        \"moneda\": \"PEN\",\r\n        \"tipo_cuenta\": \"CORRIENTE\",\r\n        \"numero\": \"194-12345678-0-12\",\r\n        \"cci\": \"00219400123456780112\",\r\n        \"titular\": \"EMPRESA DEMO SAC\"\r\n      },\r\n      {\r\n        \"banco\": \"Interbank\",\r\n        \"moneda\": \"USD\",\r\n        \"tipo_cuenta\": \"AHORROS\",\r\n        \"numero\": \"200-12345678\",\r\n        \"cci\": \"00320001234567800001\",\r\n        \"titular\": \"EMPRESA DEMO SAC\"\r\n      },\r\n      {\r\n        \"banco\": \"BBVA\",\r\n        \"moneda\": \"PEN\",\r\n        \"tipo_cuenta\": \"CORRIENTE\",\r\n        \"numero\": \"0011-0234-0100123456\",\r\n        \"cci\": \"01123400011023401001234567\",\r\n        \"titular\": \"EMPRESA DEMO SAC\"\r\n      }\r\n    ],\r\n    \"billeteras_digitales\": [\r\n      {\r\n        \"tipo\": \"YAPE\",\r\n        \"numero\": \"987654321\",\r\n        \"titular\": \"Juan Pérez\"\r\n      },\r\n      {\r\n        \"tipo\": \"PLIN\",\r\n        \"numero\": \"912345678\",\r\n        \"titular\": \"María García\"\r\n      },\r\n      {\r\n        \"tipo\": \"TUNKI\",\r\n        \"numero\": \"923456789\",\r\n        \"titular\": \"Carlos López\"\r\n      }\r\n    ],\r\n    \"mensaje_pdf\": \"¡Gracias por su compra! Su confianza es nuestro mejor respaldo.\",\r\n    \"terminos_condiciones_pdf\": \"Todos los productos tienen garantía de 30 días. No se aceptan devoluciones de  productos personalizados o software. Los cambios deben realizarse dentro de los 7 días posteriores a la compra presentando este comprobante.\",\r\n    \"politica_garantia\": \"Garantía válida presentando este comprobante y en el estado original del producto.\",\r\n    \"mostrar_cuentas_en_pdf\": true,\r\n    \"mostrar_billeteras_en_pdf\": true,\r\n    \"mostrar_redes_sociales_en_pdf\": false,\r\n    \"mostrar_contactos_adicionales_en_pdf\": true,\r\n    \"usuario_sol\": \"MODDATOS\",\r\n    \"clave_sol\": \"MODDATOS\",\r\n    \"certificado_password\": \"123456\",\r\n    \"gre_client_id_beta\": \"test-client-id\",\r\n    \"gre_client_secret_beta\": \"test-client-secret\",\r\n    \"gre_ruc_proveedor\": \"20987654321\",\r\n    \"gre_usuario_sol\": \"MODGRE\",\r\n    \"gre_clave_sol\": \"modgre123\",\r\n    \"modo_produccion\": 0,\r\n    \"activo\": true\r\n  }"
						},
						"url": {
							"raw": "{{base_url}}/api/v1/companies/complete",
							"host": [
								"{{base_url}}"
							],
							"path": [
								"api",
								"v1",
								"companies",
								"complete"
							]
						},
						"description": "Actualiza empresa con certificados, logos y datos completos usando form-data."
					},
					"response": []
				},
				{
					"name": "3.3 - Ver Empresa Específica",
					"request": {
						"method": "GET",
						"header": [
							{
								"key": "Accept",
								"value": "application/json"
							},
							{
								"key": "Authorization",
								"value": "Bearer {{access_token}}"
							}
						],
						"url": {
							"raw": "{{base_url}}/api/v1/companies/{{company_id}}",
							"host": [
								"{{base_url}}"
							],
							"path": [
								"api",
								"v1",
								"companies",
								"{{company_id}}"
							]
						},
						"description": "Obtiene detalles completos de una empresa específica."
					},
					"response": []
				},
				{
					"name": "3.4 - Actualizar Empresa datos (Form Data)",
					"request": {
						"method": "POST",
						"header": [
							{
								"key": "Accept",
								"value": "application/json"
							},
							{
								"key": "Authorization",
								"value": "Bearer {{access_token}}"
							}
						],
						"body": {
							"mode": "formdata",
							"formdata": [
								{
									"key": "ruc",
									"value": "20161515648",
									"type": "text"
								},
								{
									"key": "razon_social",
									"value": "EMPRESA DEMO SUNAT ACTUALIZADA SAC",
									"type": "text"
								},
								{
									"key": "direccion",
									"value": "Av. Javier Prado Este 4200, San Borja",
									"type": "text"
								},
								{
									"key": "ubigeo",
									"value": "150101",
									"type": "text"
								},
								{
									"key": "distrito",
									"value": "Lima",
									"type": "text"
								},
								{
									"key": "provincia",
									"value": "Lima",
									"type": "text"
								},
								{
									"key": "departamento",
									"value": "Lima",
									"type": "text"
								},
								{
									"key": "email",
									"value": "contacto@techsolutions.com",
									"type": "text"
								},
								{
									"key": "usuario_sol",
									"value": "MODDATOS",
									"type": "text"
								},
								{
									"key": "clave_sol",
									"value": "MODDATOS",
									"type": "text"
								},
								{
									"key": "certificado_pem",
									"type": "file",
									"src": "postman-cloud:///1f08c1c7-6fc1-4410-9067-f87b6186a81a"
								},
								{
									"key": "logo_path",
									"type": "file",
									"src": "postman-cloud:///1f0be5cf-0f28-4660-b514-8a05ecae5e02"
								},
								{
									"key": "_method",
									"value": "PUT",
									"type": "text"
								}
							]
						},
						"url": {
							"raw": "{{base_url}}/api/v1/companies/{{company_id}}",
							"host": [
								"{{base_url}}"
							],
							"path": [
								"api",
								"v1",
								"companies",
								"{{company_id}}"
							]
						},
						"description": "Actualiza empresa con certificados, logos y datos completos usando form-data."
					},
					"response": []
				},
				{
					"name": "3.5 - Activar Empresa",
					"request": {
						"method": "POST",
						"header": [
							{
								"key": "Accept",
								"value": "application/json"
							},
							{
								"key": "Authorization",
								"value": "Bearer {{access_token}}"
							}
						],
						"url": {
							"raw": "{{base_url}}/api/v1/companies/{{company_id}}/activate",
							"host": [
								"{{base_url}}"
							],
							"path": [
								"api",
								"v1",
								"companies",
								"{{company_id}}",
								"activate"
							]
						},
						"description": "Activa una empresa para operaciones."
					},
					"response": []
				}
			],
			"description": "Creación y gestión de empresas multi-tenant con configuraciones SUNAT."
		},
		{
			"name": "4. sucursales y correlativos ✅",
			"item": [
				{
					"name": "4.1 - Crear Sucursal Principal",
					"event": [
						{
							"listen": "test",
							"script": {
								"exec": [
									"if (pm.response.code === 201) {",
									"    var jsonData = pm.response.json();",
									"    if (jsonData.success && jsonData.data) {",
									"        pm.collectionVariables.set('branch_id', jsonData.data.id);",
									"        pm.collectionVariables.set('branch_code', jsonData.data.codigo);",
									"        console.log('✅ Sucursal creada - ID: ' + jsonData.data.id);",
									"        console.log('🏪 Nombre: ' + jsonData.data.nombre);",
									"        console.log('🔢 Código: ' + jsonData.data.codigo);",
									"    }",
									"}"
								],
								"type": "text/javascript",
								"packages": {},
								"requests": {}
							}
						}
					],
					"request": {
						"method": "POST",
						"header": [
							{
								"key": "Accept",
								"value": "application/json"
							},
							{
								"key": "Content-Type",
								"value": "application/json"
							},
							{
								"key": "Authorization",
								"value": "Bearer {{access_token}}"
							}
						],
						"body": {
							"mode": "raw",
							"raw": "{\n    \"company_id\": {{company_id}},\n    \"codigo\": \"0001\",\n    \"nombre\": \"Sucursal Principal\",\n    \"direccion\": \"Av. República de Argentina 123\",\n    \"ubigeo\": \"150101\",\n    \"distrito\": \"Lima\",\n    \"provincia\": \"Lima\",\n    \"departamento\": \"Lima\",\n    \"telefono\": \"01-1234567\",\n    \"email\": \"principal@empresademo.com\"\n}"
						},
						"url": {
							"raw": "{{base_url}}/api/v1/branches",
							"host": [
								"{{base_url}}"
							],
							"path": [
								"api",
								"v1",
								"branches"
							]
						},
						"description": "Crea la sucursal principal de la empresa."
					},
					"response": []
				},
				{
					"name": "4.2 - Listar Sucursales",
					"request": {
						"method": "GET",
						"header": [
							{
								"key": "Accept",
								"value": "application/json"
							},
							{
								"key": "Authorization",
								"value": "Bearer {{access_token}}"
							}
						],
						"url": {
							"raw": "{{base_url}}/api/v1/companies/{{company_id}}/branches",
							"host": [
								"{{base_url}}"
							],
							"path": [
								"api",
								"v1",
								"companies",
								"{{company_id}}",
								"branches"
							]
						},
						"description": "Lista todas las sucursales de la empresa."
					},
					"response": []
				},
				{
					"name": "4.3 - Crear Correlativos Básicos",
					"request": {
						"method": "POST",
						"header": [
							{
								"key": "Accept",
								"value": "application/json"
							},
							{
								"key": "Content-Type",
								"value": "application/json"
							},
							{
								"key": "Authorization",
								"value": "Bearer {{access_token}}"
							}
						],
						"body": {
							"mode": "raw",
							"raw": "{\n    \"correlativos\": [\n        {\n            \"tipo_documento\": \"01\",\n            \"serie\": \"F001\",\n            \"correlativo_actual\": 1,\n            \"activo\": true\n        },\n        {\n            \"tipo_documento\": \"03\",\n            \"serie\": \"B001\",\n            \"correlativo_actual\": 1,\n            \"activo\": true\n        },\n        {\n            \"tipo_documento\": \"07\",\n            \"serie\": \"FC01\",\n            \"correlativo_actual\": 1,\n            \"activo\": true\n        },\n        {\n            \"tipo_documento\": \"08\",\n            \"serie\": \"FD01\",\n            \"correlativo_actual\": 1,\n            \"activo\": true\n        },\n        {\n            \"tipo_documento\": \"09\",\n            \"serie\": \"T001\",\n            \"correlativo_actual\": 1,\n            \"activo\": true\n        }\n    ]\n}"
						},
						"url": {
							"raw": "{{base_url}}/api/v1/branches/{{branch_id}}/correlatives/batch",
							"host": [
								"{{base_url}}"
							],
							"path": [
								"api",
								"v1",
								"branches",
								"{{branch_id}}",
								"correlatives",
								"batch"
							]
						},
						"description": "Crea correlativos para los tipos de documento principales."
					},
					"response": []
				},
				{
					"name": "4.4 - Ver Correlativos de Sucursal",
					"request": {
						"method": "GET",
						"header": [
							{
								"key": "Accept",
								"value": "application/json"
							},
							{
								"key": "Authorization",
								"value": "Bearer {{access_token}}"
							}
						],
						"url": {
							"raw": "{{base_url}}/api/v1/branches/{{branch_id}}/correlatives",
							"host": [
								"{{base_url}}"
							],
							"path": [
								"api",
								"v1",
								"branches",
								"{{branch_id}}",
								"correlatives"
							]
						},
						"description": "Lista todos los correlativos de la sucursal."
					},
					"response": []
				},
				{
					"name": "4.5 - Activar Sucursal",
					"request": {
						"method": "POST",
						"header": [
							{
								"key": "Accept",
								"value": "application/json"
							},
							{
								"key": "Authorization",
								"value": "Bearer {{access_token}}"
							}
						],
						"url": {
							"raw": "{{base_url}}/api/v1/branches/{{branch_id}}/activate",
							"host": [
								"{{base_url}}"
							],
							"path": [
								"api",
								"v1",
								"branches",
								"{{branch_id}}",
								"activate"
							]
						},
						"description": "Activa la sucursal para operaciones."
					},
					"response": []
				}
			],
			"description": "Configuración de sucursales y sistema de correlativos para documentos."
		},
		{
			"name": "5. Gestión de clientes ✅",
			"item": [
				{
					"name": "5.1 - Crear Cliente Persona Natural",
					"event": [
						{
							"listen": "test",
							"script": {
								"exec": [
									"if (pm.response.code === 201) {",
									"    var jsonData = pm.response.json();",
									"    if (jsonData.success && jsonData.data) {",
									"        pm.collectionVariables.set('client_dni_id', jsonData.data.id);",
									"        console.log('✅ Cliente DNI creado - ID: ' + jsonData.data.id);",
									"        console.log('👤 Cliente: ' + jsonData.data.razon_social);",
									"        console.log('📄 DNI: ' + jsonData.data.numero_documento);",
									"    }",
									"}"
								],
								"type": "text/javascript",
								"packages": {},
								"requests": {}
							}
						}
					],
					"request": {
						"method": "POST",
						"header": [
							{
								"key": "Accept",
								"value": "application/json"
							},
							{
								"key": "Content-Type",
								"value": "application/json"
							},
							{
								"key": "Authorization",
								"value": "Bearer {{access_token}}"
							}
						],
						"body": {
							"mode": "raw",
							"raw": "{\n    \"company_id\": {{company_id}},\n    \"tipo_documento\": \"1\",\n    \"numero_documento\": \"72727279\",\n    \"razon_social\": \"Miguel Martinez Sanches\",\n    \"direccion\": \"Av. Los Incas 456\",\n    \"ubigeo\": \"150101\",\n    \"distrito\": \"Lima\",\n    \"provincia\": \"Lima\",\n    \"departamento\": \"Lima\",\n    \"telefono\": \"987654321\",\n    \"email\": \"juan.perez@email.com\"\n}"
						},
						"url": {
							"raw": "{{base_url}}/api/v1/clients",
							"host": [
								"{{base_url}}"
							],
							"path": [
								"api",
								"v1",
								"clients"
							]
						},
						"description": "Crea un cliente persona natural (DNI)."
					},
					"response": []
				},
				{
					"name": "5.2 - Crear Cliente Empresa",
					"event": [
						{
							"listen": "test",
							"script": {
								"exec": [
									"if (pm.response.code === 201) {",
									"    var jsonData = pm.response.json();",
									"    if (jsonData.success && jsonData.data) {",
									"        pm.collectionVariables.set('client_ruc_id', jsonData.data.id);",
									"        console.log('✅ Cliente RUC creado - ID: ' + jsonData.data.id);",
									"        console.log('🏢 Cliente: ' + jsonData.data.razon_social);",
									"        console.log('📄 RUC: ' + jsonData.data.numero_documento);",
									"    }",
									"}"
								],
								"type": "text/javascript",
								"packages": {},
								"requests": {}
							}
						}
					],
					"request": {
						"method": "POST",
						"header": [
							{
								"key": "Accept",
								"value": "application/json"
							},
							{
								"key": "Content-Type",
								"value": "application/json"
							},
							{
								"key": "Authorization",
								"value": "Bearer {{access_token}}"
							}
						],
						"body": {
							"mode": "raw",
							"raw": "{\n    \"company_id\": {{company_id}},\n    \"tipo_documento\": \"6\",\n    \"numero_documento\": \"20987654329\",\n    \"razon_social\": \"CLIENTE CORPORATIVO SAC\",\n    \"nombre_comercial\": \"Cliente Corp\",\n    \"direccion\": \"Av. Javier Prado 1234\",\n    \"ubigeo\": \"150101\",\n    \"distrito\": \"Lima\",\n    \"provincia\": \"Lima\",\n    \"departamento\": \"Lima\",\n    \"telefono\": \"01-2345678\",\n    \"email\": \"contacto@clientecorp.com\"\n}"
						},
						"url": {
							"raw": "{{base_url}}/api/v1/clients",
							"host": [
								"{{base_url}}"
							],
							"path": [
								"api",
								"v1",
								"clients"
							]
						},
						"description": "Crea un cliente empresa (RUC)."
					},
					"response": []
				},
				{
					"name": "5.3 - Listar Clientes",
					"request": {
						"method": "GET",
						"header": [
							{
								"key": "Accept",
								"value": "application/json"
							},
							{
								"key": "Authorization",
								"value": "Bearer {{access_token}}"
							}
						],
						"url": {
							"raw": "{{base_url}}/api/v1/clients?per_page=20&search=",
							"host": [
								"{{base_url}}"
							],
							"path": [
								"api",
								"v1",
								"clients"
							],
							"query": [
								{
									"key": "per_page",
									"value": "20"
								},
								{
									"key": "search",
									"value": ""
								}
							]
						},
						"description": "Lista clientes con paginación y búsqueda."
					},
					"response": []
				},
				{
					"name": "5.4 - Buscar Cliente por Documento",
					"request": {
						"method": "POST",
						"header": [
							{
								"key": "Accept",
								"value": "application/json"
							},
							{
								"key": "Content-Type",
								"value": "application/json"
							},
							{
								"key": "Authorization",
								"value": "Bearer {{access_token}}"
							}
						],
						"body": {
							"mode": "raw",
							"raw": "{\n    \"company_id\": {{company_id}},\n    \"tipo_documento\": \"6\",\n    \"numero_documento\": \"20987654329\"\n}"
						},
						"url": {
							"raw": "{{base_url}}/api/v1/clients/search-by-document",
							"host": [
								"{{base_url}}"
							],
							"path": [
								"api",
								"v1",
								"clients",
								"search-by-document"
							]
						},
						"description": "Busca cliente por tipo y número de documento."
					},
					"response": []
				}
			],
			"description": "Sistema de gestión de clientes con validación de documentos peruanos."
		},
		{
			"name": "6. Guias de remisión electrónica ✅",
			"item": [
				{
					"name": "6.1 - Configurar Credenciales GRE",
					"request": {
						"method": "PUT",
						"header": [
							{
								"key": "Accept",
								"value": "application/json"
							},
							{
								"key": "Content-Type",
								"value": "application/json"
							},
							{
								"key": "Authorization",
								"value": "Bearer {{access_token}}"
							}
						],
						"body": {
							"mode": "raw",
							"raw": "{\n    \"environment\": \"beta\",\n    \"client_id\": \"{{gre_client_id_beta}}\",\n    \"client_secret\": \"{{gre_client_secret_beta}}\",\n    \"ruc_proveedor\": \"{{company_ruc}}\",\n    \"usuario_sol\": \"MODDATOS\",\n    \"clave_sol\": \"MODDATOS\"\n}"
						},
						"url": {
							"raw": "{{base_url}}/v1/companies/{{company_id}}/gre-credentials",
							"host": [
								"{{base_url}}"
							],
							"path": [
								"v1",
								"companies",
								"{{company_id}}",
								"gre-credentials"
							]
						},
						"description": "Configura credenciales para GRE (Guías de Remisión Electrónicas)."
					},
					"response": []
				},
				{
					"name": "6.2 - Probar Conexión GRE",
					"request": {
						"method": "POST",
						"header": [
							{
								"key": "Accept",
								"value": "application/json"
							},
							{
								"key": "Authorization",
								"value": "Bearer {{access_token}}"
							}
						],
						"url": {
							"raw": "{{base_url}}/v1/companies/{{company_id}}/gre-credentials/test-connection",
							"host": [
								"{{base_url}}"
							],
							"path": [
								"v1",
								"companies",
								"{{company_id}}",
								"gre-credentials",
								"test-connection"
							]
						},
						"description": "Prueba la conexión con los servicios GRE de SUNAT."
					},
					"response": []
				},
				{
					"name": "6.3 - Crear Guía de Remisión",
					"event": [
						{
							"listen": "test",
							"script": {
								"exec": [
									"if (pm.response.code === 201) {",
									"    var jsonData = pm.response.json();",
									"    if (jsonData.success && jsonData.data) {",
									"        pm.collectionVariables.set('dispatch_guide_id', jsonData.data.id);",
									"        console.log('✅ Guía de remisión creada - ID: ' + jsonData.data.id);",
									"        console.log('📄 Número: ' + jsonData.data.numero_completo);",
									"        console.log('🚚 Motivo traslado: ' + jsonData.data.motivo_traslado);",
									"    }",
									"}"
								],
								"type": "text/javascript",
								"packages": {},
								"requests": {}
							}
						}
					],
					"request": {
						"method": "POST",
						"header": [
							{
								"key": "Accept",
								"value": "application/json"
							},
							{
								"key": "Content-Type",
								"value": "application/json"
							},
							{
								"key": "Authorization",
								"value": "Bearer {{access_token}}"
							}
						],
						"body": {
							"mode": "raw",
							"raw": "\n  {\n      \"company_id\": 1,\n      \"branch_id\": 1,\n      \"destinatario_id\": 2,\n      \"serie\": \"T001\",\n      \"fecha_emision\": \"2025-10-20\",\n      \"fecha_traslado\": \"2025-10-20\",\n\n      \"cod_traslado\": \"01\",\n      \"des_traslado\": \"Venta\",\n      \"mod_traslado\": \"02\",\n      \"peso_total\": 12.5,\n      \"und_peso_total\": \"KGM\",\n      \"num_bultos\": 1,\n\n      \"partida_ubigeo\": \"150203\",\n      \"partida_direccion\": \"AV ITALIA\",\n      \"llegada_ubigeo\": \"150101\",\n      \"llegada_direccion\": \"AV LIMA\",\n\n      \"vehiculo_placa\": \"ABC123\",\n      \"vehiculo_placa_secundaria\": \"ABI456\",\n\n      \"conductor_tipo\": \"Principal\",\n      \"conductor_tipo_doc\": \"1\",\n      \"conductor_num_doc\": \"44004400\",\n      \"conductor_licencia\": \"0001122020\",\n      \"conductor_nombres\": \"ROBERTO\",\n      \"conductor_apellidos\": \"RODRIGUEZ VALENCIA\",\n\n      \"detalles\": [\n          {\n              \"cantidad\": 2,\n              \"unidad\": \"ZZ\",\n              \"descripcion\": \"PROD 1\",\n              \"codigo\": \"PROD1\",\n              \"peso_total\": 12.5\n          }\n      ],\n\n      \"usuario_creacion\": \"POSTMAN_TEST\"\n  }"
						},
						"url": {
							"raw": "{{base_url}}/v1/dispatch-guides",
							"host": [
								"{{base_url}}"
							],
							"path": [
								"v1",
								"dispatch-guides"
							]
						},
						"description": "Crea una guía de remisión con todos los datos requeridos."
					},
					"response": []
				},
				{
					"name": "6.4 - Listar Guías de Remisión",
					"request": {
						"method": "GET",
						"header": [
							{
								"key": "Accept",
								"value": "application/json"
							},
							{
								"key": "Authorization",
								"value": "Bearer {{access_token}}"
							}
						],
						"url": {
							"raw": "{{base_url}}/v1/dispatch-guides?company_id={{company_id}}",
							"host": [
								"{{base_url}}"
							],
							"path": [
								"v1",
								"dispatch-guides"
							],
							"query": [
								{
									"key": "company_id",
									"value": "{{company_id}}"
								}
							]
						},
						"description": "Lista todas las guías de remisión."
					},
					"response": []
				},
				{
					"name": "6.5 - Enviar Guía a SUNAT",
					"request": {
						"method": "POST",
						"header": [
							{
								"key": "Accept",
								"value": "application/json"
							},
							{
								"key": "Authorization",
								"value": "Bearer {{access_token}}"
							}
						],
						"url": {
							"raw": "{{base_url}}/v1/dispatch-guides/{{dispatch_guide_id}}/send-sunat",
							"host": [
								"{{base_url}}"
							],
							"path": [
								"v1",
								"dispatch-guides",
								"{{dispatch_guide_id}}",
								"send-sunat"
							]
						},
						"description": "Envía la guía de remisión a SUNAT GRE."
					},
					"response": []
				}
			],
			"description": "Sistema completo de guías de remisión electrónicas con integración SUNAT GRE."
		},
		{
			"name": "7. Anulaciones y comunicación de baja ✅",
			"item": [
				{
					"name": "7.1 - Obtener Documentos Disponibles para Anular",
					"request": {
						"method": "GET",
						"header": [
							{
								"key": "Accept",
								"value": "application/json"
							},
							{
								"key": "Authorization",
								"value": "Bearer {{access_token}}"
							}
						],
						"url": {
							"raw": "{{base_url}}/v1/voided-documents/available?company_id={{company_id}}&fecha=2024-10-17",
							"host": [
								"{{base_url}}"
							],
							"path": [
								"v1",
								"voided-documents",
								"available"
							],
							"query": [
								{
									"key": "company_id",
									"value": "{{company_id}}"
								},
								{
									"key": "fecha",
									"value": "2024-10-17"
								}
							]
						},
						"description": "Obtiene documentos que pueden ser anulados para una fecha específica."
					},
					"response": []
				},
				{
					"name": "7.2 - Crear Comunicación de Baja",
					"event": [
						{
							"listen": "test",
							"script": {
								"exec": [
									"if (pm.response.code === 201) {",
									"    var jsonData = pm.response.json();",
									"    if (jsonData.success && jsonData.data) {",
									"        pm.collectionVariables.set('voided_document_id', jsonData.data.id);",
									"        console.log('✅ Comunicación de baja creada - ID: ' + jsonData.data.id);",
									"        console.log('📄 Identificador: ' + jsonData.data.identificador);",
									"        console.log('📅 Fecha referencia: ' + jsonData.data.fecha_referencia);",
									"    }",
									"}"
								],
								"type": "text/javascript",
								"packages": {},
								"requests": {}
							}
						}
					],
					"request": {
						"method": "POST",
						"header": [
							{
								"key": "Accept",
								"value": "application/json"
							},
							{
								"key": "Content-Type",
								"value": "application/json"
							},
							{
								"key": "Authorization",
								"value": "Bearer {{access_token}}"
							}
						],
						"body": {
							"mode": "raw",
							"raw": "{\n  \"company_id\": 1,\n  \"branch_id\": 1,\n  \"fecha_referencia\": \"2025-10-18\",\n  \"motivo_baja\": \"ERROR EN CÁLCULO DE IGV - DOCUMENTO NO ENTREGADO AL CLIENTE\",\n  \"detalles\": [\n    {\n      \"tipo_documento\": \"01\",\n      \"serie\": \"F001\",\n      \"correlativo\": \"000003\",\n      \"motivo_especifico\": \"Error en aplicación de IGV por tipo de afectación incorrecta\"\n    }\n  ],\n  \"usuario_creacion\": \"admin\",\n  \"ubl_version\": \"2.0\"\n}"
						},
						"url": {
							"raw": "{{base_url}}/v1/voided-documents",
							"host": [
								"{{base_url}}"
							],
							"path": [
								"v1",
								"voided-documents"
							]
						},
						"description": "Crea una comunicación de baja para anular documentos."
					},
					"response": []
				},
				{
					"name": "7.3 - Enviar Comunicación de Baja a SUNAT",
					"request": {
						"method": "POST",
						"header": [
							{
								"key": "Accept",
								"value": "application/json"
							},
							{
								"key": "Authorization",
								"value": "Bearer {{access_token}}"
							}
						],
						"url": {
							"raw": "{{base_url}}/v1/voided-documents/{{voided_document_id}}/send-sunat",
							"host": [
								"{{base_url}}"
							],
							"path": [
								"v1",
								"voided-documents",
								"{{voided_document_id}}",
								"send-sunat"
							]
						},
						"description": "Envía la comunicación de baja a SUNAT."
					},
					"response": []
				},
				{
					"name": "7.4 - Consultar Estado de Comunicación",
					"request": {
						"method": "POST",
						"header": [
							{
								"key": "Accept",
								"value": "application/json"
							},
							{
								"key": "Authorization",
								"value": "Bearer {{access_token}}"
							}
						],
						"url": {
							"raw": "{{base_url}}/v1/voided-documents/{{voided_document_id}}/check-status",
							"host": [
								"{{base_url}}"
							],
							"path": [
								"v1",
								"voided-documents",
								"{{voided_document_id}}",
								"check-status"
							]
						},
						"description": "Consulta el estado de la comunicación de baja en SUNAT."
					},
					"response": []
				}
			],
			"description": "Sistema de anulación de documentos y comunicaciones de baja a SUNAT."
		},
		{
			"name": "8. Consultas de CPE avanzadas ✅",
			"item": [
				{
					"name": "8.1 - Consultar Factura Individual",
					"request": {
						"method": "POST",
						"header": [
							{
								"key": "Accept",
								"value": "application/json"
							},
							{
								"key": "Content-Type",
								"value": "application/json"
							},
							{
								"key": "Authorization",
								"value": "Bearer {{access_token}}"
							}
						],
						"body": {
							"mode": "raw",
							"raw": "{\n    \"company_id\": {{company_id}}\n}"
						},
						"url": {
							"raw": "{{base_url}}/v1/consulta-cpe/factura/{{id}}",
							"host": [
								"{{base_url}}"
							],
							"path": [
								"v1",
								"consulta-cpe",
								"factura",
								"{{id}}"
							]
						},
						"description": "Consulta estado de factura con descarga de CDR si está disponible."
					},
					"response": []
				},
				{
					"name": "8.2 - Consultar Boletas",
					"request": {
						"method": "POST",
						"header": [
							{
								"key": "Accept",
								"value": "application/json"
							},
							{
								"key": "Content-Type",
								"value": "application/json"
							},
							{
								"key": "Authorization",
								"value": "Bearer {{access_token}}"
							}
						],
						"body": {
							"mode": "raw",
							"raw": "{\n    \"company_id\": {{company_id}}\n}"
						},
						"url": {
							"raw": "{{base_url}}/v1/consulta-cpe-v2/boleta/{{invoice_id}}",
							"host": [
								"{{base_url}}"
							],
							"path": [
								"v1",
								"consulta-cpe-v2",
								"boleta",
								"{{invoice_id}}"
							]
						},
						"description": "Consulta estado de factura con descarga de CDR si está disponible."
					},
					"response": []
				},
				{
					"name": "8.3 - Consultar Notas de Crédito",
					"request": {
						"method": "POST",
						"header": [
							{
								"key": "Accept",
								"value": "application/json"
							},
							{
								"key": "Content-Type",
								"value": "application/json"
							},
							{
								"key": "Authorization",
								"value": "Bearer {{access_token}}"
							}
						],
						"body": {
							"mode": "raw",
							"raw": "{\n    \"company_id\": {{company_id}}\n}"
						},
						"url": {
							"raw": "{{base_url}}/v1/consulta-cpe-v2/factura/{{invoice_id}}/con-cdr",
							"host": [
								"{{base_url}}"
							],
							"path": [
								"v1",
								"consulta-cpe-v2",
								"factura",
								"{{invoice_id}}",
								"con-cdr"
							]
						},
						"description": "Consulta estado de factura con descarga de CDR si está disponible."
					},
					"response": []
				},
				{
					"name": "8.4 - Consultar Notas de Débito",
					"request": {
						"method": "POST",
						"header": [
							{
								"key": "Accept",
								"value": "application/json"
							},
							{
								"key": "Content-Type",
								"value": "application/json"
							},
							{
								"key": "Authorization",
								"value": "Bearer {{access_token}}"
							}
						],
						"body": {
							"mode": "raw",
							"raw": "{\n    \"company_id\": {{company_id}}\n}"
						},
						"url": {
							"raw": "{{base_url}}/v1/consulta-cpe-v2/factura/{{invoice_id}}/con-cdr",
							"host": [
								"{{base_url}}"
							],
							"path": [
								"v1",
								"consulta-cpe-v2",
								"factura",
								"{{invoice_id}}",
								"con-cdr"
							]
						},
						"description": "Consulta estado de factura con descarga de CDR si está disponible."
					},
					"response": []
				},
				{
					"name": "8.5 - Consulta por Datos Directos",
					"request": {
						"method": "POST",
						"header": [
							{
								"key": "Accept",
								"value": "application/json"
							},
							{
								"key": "Content-Type",
								"value": "application/json"
							},
							{
								"key": "Authorization",
								"value": "Bearer {{access_token}}"
							}
						],
						"body": {
							"mode": "raw",
							"raw": "{\n    \"company_id\": {{company_id}},\n    \"ruc_emisor\": \"{{company_ruc}}\",\n    \"tipo_documento\": \"01\",\n    \"serie\": \"F001\",\n    \"correlativo\": \"1\",\n    \"fecha_emision\": \"2024-01-15\",\n    \"monto_total\": 826.00\n}"
						},
						"url": {
							"raw": "{{base_url}}/v1/consulta-cpe-v2/por-datos",
							"host": [
								"{{base_url}}"
							],
							"path": [
								"v1",
								"consulta-cpe-v2",
								"por-datos"
							]
						},
						"description": "Consulta CPE proporcionando directamente los datos del documento."
					},
					"response": []
				},
				{
					"name": "8.6 - Consulta Masiva por IDs",
					"request": {
						"method": "POST",
						"header": [
							{
								"key": "Accept",
								"value": "application/json"
							},
							{
								"key": "Content-Type",
								"value": "application/json"
							},
							{
								"key": "Authorization",
								"value": "Bearer {{access_token}}"
							}
						],
						"body": {
							"mode": "raw",
							"raw": "{\n    \"company_id\": {{company_id}},\n    \"document_ids\": [\n        {{invoice_id}},\n        {{boleta_id}}\n    ],\n    \"tipos_documento\": [\"01\", \"03\"],\n    \"descargar_cdr\": true\n}"
						},
						"url": {
							"raw": "{{base_url}}/v1/consulta-cpe-v2/masivo",
							"host": [
								"{{base_url}}"
							],
							"path": [
								"v1",
								"consulta-cpe-v2",
								"masivo"
							]
						},
						"description": "Realiza consultas masivas de múltiples documentos."
					},
					"response": []
				},
				{
					"name": "8.7 - Estadísticas de Consultas",
					"request": {
						"method": "GET",
						"header": [
							{
								"key": "Accept",
								"value": "application/json"
							},
							{
								"key": "Authorization",
								"value": "Bearer {{access_token}}"
							}
						],
						"url": {
							"raw": "{{base_url}}/v1/consulta-cpe-v2/estadisticas?company_id={{company_id}}&fecha_desde=2024-01-01&fecha_hasta=2024-01-31",
							"host": [
								"{{base_url}}"
							],
							"path": [
								"v1",
								"consulta-cpe-v2",
								"estadisticas"
							],
							"query": [
								{
									"key": "company_id",
									"value": "{{company_id}}"
								},
								{
									"key": "fecha_desde",
									"value": "2024-01-01"
								},
								{
									"key": "fecha_hasta",
									"value": "2024-01-31"
								}
							]
						},
						"description": "Obtiene estadísticas de consultas CPE por período."
					},
					"response": []
				}
			],
			"description": "Sistema avanzado de consultas CPE con OAuth2 y fallback SOAP."
		},
		{
			"name": "9. Servicios de ubigeo peruano ✅",
			"item": [
				{
					"name": "9.1 - Listar Regiones",
					"request": {
						"method": "GET",
						"header": [
							{
								"key": "Accept",
								"value": "application/json"
							},
							{
								"key": "Authorization",
								"value": "Bearer {{access_token}}"
							}
						],
						"url": {
							"raw": "{{base_url}}/v1/ubigeos/regiones",
							"host": [
								"{{base_url}}"
							],
							"path": [
								"v1",
								"ubigeos",
								"regiones"
							]
						},
						"description": "Lista todas las regiones del Perú."
					},
					"response": []
				},
				{
					"name": "9.2 - Listar Provincias de Lima",
					"request": {
						"method": "GET",
						"header": [
							{
								"key": "Accept",
								"value": "application/json"
							},
							{
								"key": "Authorization",
								"value": "Bearer {{access_token}}"
							}
						],
						"url": {
							"raw": "{{base_url}}/v1/ubigeos/provincias?region_id=150000",
							"host": [
								"{{base_url}}"
							],
							"path": [
								"v1",
								"ubigeos",
								"provincias"
							],
							"query": [
								{
									"key": "region_id",
									"value": "150000",
									"description": "Código de región Lima"
								}
							]
						},
						"description": "Lista provincias de una región específica."
					},
					"response": []
				},
				{
					"name": "9.3 - Listar Distritos de Lima Metropolitana",
					"request": {
						"method": "GET",
						"header": [
							{
								"key": "Accept",
								"value": "application/json"
							},
							{
								"key": "Authorization",
								"value": "Bearer {{access_token}}"
							}
						],
						"url": {
							"raw": "{{base_url}}/v1/ubigeos/distritos?provincia_id=150100",
							"host": [
								"{{base_url}}"
							],
							"path": [
								"v1",
								"ubigeos",
								"distritos"
							],
							"query": [
								{
									"key": "provincia_id",
									"value": "150100",
									"description": "Código de provincia Lima"
								}
							]
						},
						"description": "Lista distritos de una provincia específica."
					},
					"response": []
				},
				{
					"name": "9.4 - Buscar Ubigeo por Nombre",
					"request": {
						"method": "GET",
						"header": [
							{
								"key": "Accept",
								"value": "application/json"
							},
							{
								"key": "Authorization",
								"value": "Bearer {{access_token}}"
							}
						],
						"url": {
							"raw": "{{base_url}}/v1/ubigeos/search?q=miraflores",
							"host": [
								"{{base_url}}"
							],
							"path": [
								"v1",
								"ubigeos",
								"search"
							],
							"query": [
								{
									"key": "q",
									"value": "miraflores",
									"description": "Término de búsqueda"
								}
							]
						},
						"description": "Busca ubicaciones geográficas por nombre."
					},
					"response": []
				},
				{
					"name": "9.5 - Obtener Ubigeo por Código",
					"request": {
						"method": "GET",
						"header": [
							{
								"key": "Accept",
								"value": "application/json"
							},
							{
								"key": "Authorization",
								"value": "Bearer {{access_token}}"
							}
						],
						"url": {
							"raw": "{{base_url}}/v1/ubigeos/150101",
							"host": [
								"{{base_url}}"
							],
							"path": [
								"v1",
								"ubigeos",
								"150101"
							]
						},
						"description": "Obtiene información completa de un ubigeo específico."
					},
					"response": []
				}
			],
			"description": "Servicios completos de códigos geográficos del Perú (INEI)."
		},
		{
			"name": "10. Configuraciones generales y reportes ✅",
			"item": [
				{
					"name": "10.1 - Ver Configuraciones por Defecto",
					"request": {
						"method": "GET",
						"header": [
							{
								"key": "Accept",
								"value": "application/json"
							},
							{
								"key": "Authorization",
								"value": "Bearer {{access_token}}"
							}
						],
						"url": {
							"raw": "{{base_url}}/v1/config/defaults",
							"host": [
								"{{base_url}}"
							],
							"path": [
								"v1",
								"config",
								"defaults"
							]
						},
						"description": "Obtiene configuraciones por defecto del sistema."
					},
					"response": []
				},
				{
					"name": "10.2 - Resumen de Configuraciones",
					"request": {
						"method": "GET",
						"header": [
							{
								"key": "Accept",
								"value": "application/json"
							},
							{
								"key": "Authorization",
								"value": "Bearer {{access_token}}"
							}
						],
						"url": {
							"raw": "{{base_url}}/v1/config/summary?company_id={{company_id}}",
							"host": [
								"{{base_url}}"
							],
							"path": [
								"v1",
								"config",
								"summary"
							],
							"query": [
								{
									"key": "company_id",
									"value": "{{company_id}}"
								}
							]
						},
						"description": "Resumen completo de configuraciones por empresa."
					},
					"response": []
				},
				{
					"name": "10.3 - Ver Tipos de Documento SUNAT",
					"request": {
						"method": "GET",
						"header": [
							{
								"key": "Accept",
								"value": "application/json"
							},
							{
								"key": "Authorization",
								"value": "Bearer {{access_token}}"
							}
						],
						"url": {
							"raw": "{{base_url}}/v1/correlatives/document-types",
							"host": [
								"{{base_url}}"
							],
							"path": [
								"v1",
								"correlatives",
								"document-types"
							]
						},
						"description": "Lista todos los tipos de documento SUNAT disponibles."
					},
					"response": []
				},
				{
					"name": "10.4 - Ver Formatos PDF Disponibles",
					"request": {
						"method": "GET",
						"header": [
							{
								"key": "Accept",
								"value": "application/json"
							},
							{
								"key": "Authorization",
								"value": "Bearer {{access_token}}"
							}
						],
						"url": {
							"raw": "{{base_url}}/v1/pdf/formats",
							"host": [
								"{{base_url}}"
							],
							"path": [
								"v1",
								"pdf",
								"formats"
							]
						},
						"description": "Lista formatos de PDF disponibles para generación."
					},
					"response": []
				}
			],
			"description": "Configuraciones del sistema y generación de reportes."
		}
	],
	"event": [
		{
			"listen": "prerequest",
			"script": {
				"type": "text/javascript",
				"exec": [
					"// Configuración automática de variables de ambiente",
					"const environment = pm.collectionVariables.get('environment') || 'beta';",
					"",
					"// URLs base según ambiente",
					"if (environment === 'beta') {",
					"    pm.collectionVariables.set('sunat_billing_endpoint', 'https://e-beta.sunat.gob.pe/ol-ti-itcpfegem-beta/billService');",
					"    pm.collectionVariables.set('sunat_gre_endpoint', 'https://api-cpe-beta.sunat.gob.pe/v1/');",
					"    pm.collectionVariables.set('sunat_oauth_endpoint', 'https://api-beta.sunat.gob.pe');",
					"} else {",
					"    pm.collectionVariables.set('sunat_billing_endpoint', 'https://e-factura.sunat.gob.pe/ol-ti-itcpfegem/billService');",
					"    pm.collectionVariables.set('sunat_gre_endpoint', 'https://api-cpe.sunat.gob.pe/v1/');",
					"    pm.collectionVariables.set('sunat_oauth_endpoint', 'https://api.sunat.gob.pe');",
					"}",
					"",
					"console.log('🌐 Ambiente actual: ' + environment);",
					"console.log('🔗 Endpoint facturación: ' + pm.collectionVariables.get('sunat_billing_endpoint'));"
				]
			}
		},
		{
			"listen": "test",
			"script": {
				"type": "text/javascript",
				"exec": [
					"// Logging automático de respuestas para debugging",
					"if (pm.response.code >= 400) {",
					"    console.log('❌ Error en request: ' + pm.request.name);",
					"    console.log('📊 Status: ' + pm.response.code);",
					"    console.log('📝 Response: ' + pm.response.text());",
					"} else if (pm.response.code >= 200 && pm.response.code < 300) {",
					"    console.log('✅ Success: ' + pm.request.name + ' (' + pm.response.code + ')');",
					"}"
				]
			}
		}
	],
	"variable": [
		{
			"key": "base_url",
			"value": "http://localhost:8000/api",
			"type": "string",
			"description": {
				"content": "URL base del API - Cambiar según ambiente",
				"type": "text/plain"
			}
		},
		{
			"key": "environment",
			"value": "beta",
			"type": "string",
			"description": {
				"content": "Ambiente: 'beta' para pruebas, 'produccion' para uso real",
				"type": "text/plain"
			}
		},
		{
			"key": "access_token",
			"value": "",
			"type": "string",
			"description": {
				"content": "Token de acceso - Se asigna automáticamente al hacer login",
				"type": "text/plain"
			}
		},
		{
			"key": "token_type",
			"value": "Bearer",
			"type": "string"
		},
		{
			"key": "user_id",
			"value": "",
			"type": "string"
		},
		{
			"key": "user_name",
			"value": "",
			"type": "string"
		},
		{
			"key": "company_id",
			"value": "",
			"type": "string",
			"description": {
				"content": "ID de empresa - Se asigna al crear/seleccionar empresa",
				"type": "text/plain"
			}
		},
		{
			"key": "company_ruc",
			"value": "",
			"type": "string"
		},
		{
			"key": "company_name",
			"value": "",
			"type": "string"
		},
		{
			"key": "branch_id",
			"value": "",
			"type": "string",
			"description": {
				"content": "ID de sucursal - Se asigna al crear sucursal",
				"type": "text/plain"
			}
		},
		{
			"key": "branch_code",
			"value": "",
			"type": "string"
		},
		{
			"key": "client_dni_id",
			"value": "",
			"type": "string",
			"description": {
				"content": "ID de cliente persona natural",
				"type": "text/plain"
			}
		},
		{
			"key": "client_ruc_id",
			"value": "",
			"type": "string",
			"description": {
				"content": "ID de cliente empresa",
				"type": "text/plain"
			}
		},
		{
			"key": "invoice_id",
			"value": "",
			"type": "string"
		},
		{
			"key": "invoice_number",
			"value": "",
			"type": "string"
		},
		{
			"key": "boleta_id",
			"value": "",
			"type": "string"
		},
		{
			"key": "boleta_number",
			"value": "",
			"type": "string"
		},
		{
			"key": "credit_note_id",
			"value": "",
			"type": "string"
		},
		{
			"key": "debit_note_id",
			"value": "",
			"type": "string"
		},
		{
			"key": "dispatch_guide_id",
			"value": "",
			"type": "string"
		},
		{
			"key": "daily_summary_id",
			"value": "",
			"type": "string"
		},
		{
			"key": "voided_document_id",
			"value": "",
			"type": "string"
		},
		{
			"key": "sunat_billing_endpoint",
			"value": "",
			"type": "string",
			"description": {
				"content": "Endpoint SUNAT para facturación - Se configura automáticamente",
				"type": "text/plain"
			}
		},
		{
			"key": "sunat_gre_endpoint",
			"value": "",
			"type": "string",
			"description": {
				"content": "Endpoint SUNAT para GRE - Se configura automáticamente",
				"type": "text/plain"
			}
		},
		{
			"key": "sunat_oauth_endpoint",
			"value": "",
			"type": "string",
			"description": {
				"content": "Endpoint OAuth2 SUNAT - Se configura automáticamente",
				"type": "text/plain"
			}
		},
		{
			"key": "gre_client_id_beta",
			"value": "demo_client_beta",
			"type": "string",
			"description": {
				"content": "Client ID para GRE ambiente Beta",
				"type": "text/plain"
			}
		},
		{
			"key": "gre_client_secret_beta",
			"value": "demo_secret_beta",
			"type": "string",
			"description": {
				"content": "Client Secret para GRE ambiente Beta",
				"type": "text/plain"
			}
		},
		{
			"key": "gre_client_id_prod",
			"value": "",
			"type": "string",
			"description": {
				"content": "Client ID para GRE ambiente Producción",
				"type": "text/plain"
			}
		},
		{
			"key": "gre_client_secret_prod",
			"value": "",
			"type": "string",
			"description": {
				"content": "Client Secret para GRE ambiente Producción",
				"type": "text/plain"
			}
		}
	]
}