{
	"info": {
		"_postman_id": "11c25291-69c2-419f-9125-b44868d45b78",
		"name": "2. Boletas ✅",
		"schema": "https://schema.getpostman.com/json/collection/v2.1.0/collection.json",
		"_exporter_id": "20633485"
	},
	"item": [
		{
			"name": "Boleta gravada y exonerada",
			"request": {
				"method": "POST",
				"header": [
					{
						"key": "Accept",
						"value": "application/json",
						"type": "text"
					},
					{
						"key": "Content-Type",
						"value": "application/json",
						"type": "text"
					},
					{
						"key": "Authorization",
						"value": "Bearer {{access_token}}",
						"type": "text"
					}
				],
				"body": {
					"mode": "raw",
					"raw": "{\n    \"company_id\": 1,\n    \"branch_id\": 1,\n    \"serie\": \"B001\",\n    \"fecha_emision\": \"2025-10-16\", //año-mes-dia\n    \"moneda\": \"PEN\",\n    \"tipo_operacion\": \"0101\",\n    \"metodo_envio\": \"resumen_diario\", //individual\n    \"forma_pago_tipo\": \"Contado\",\n    \"client\": {\n      \"tipo_documento\": \"1\",\n      \"numero_documento\": \"12345678\",\n      \"razon_social\": \"María Elena García Sánchez\",\n      \"nombre_comercial\": \"María García\",\n      \"direccion\": \"Av. Los Negocios 456, San Isidro\",\n      \"ubigeo\": \"150130\",\n      \"distrito\": \"San Isidro\",\n      \"provincia\": \"Lima\",\n      \"departamento\": \"Lima\",\n      \"telefono\": \"01-9876543\",\n      \"email\": \"maria.garcia@email.com\"\n    },\n    \"detalles\": [\n      {\n        \"codigo\": \"LAPTOP001\",\n        \"descripcion\": \"Laptop HP Pavilion 15.6\\\" Intel Core i5 8GB RAM\",\n        \"unidad\": \"NIU\",\n        \"cantidad\": 1,\n        \"mto_valor_unitario\": 84.75,\n        \"porcentaje_igv\": 18,\n        \"tip_afe_igv\": \"10\",\n        \"codigo_producto_sunat\": \"43211507\"\n      },\n      {\n        \"codigo\": \"LIBRO001\",\n        \"descripcion\": \"Libro de matemáticas educativo nivel secundaria\",\n        \"unidad\": \"NIU\",\n        \"cantidad\": 1,\n        \"mto_valor_unitario\": 84.75,\n        \"porcentaje_igv\": 18,\n        \"tip_afe_igv\": \"10\",\n        \"codigo_producto_sunat\": \"55101500\"\n      },\n      {\n        \"codigo\": \"MED001\",\n        \"descripcion\": \"Medicamento genérico - Paracetamol 500mg\",\n        \"unidad\": \"NIU\",\n        \"cantidad\": 2,\n        \"mto_valor_unitario\": 45.00,\n        \"porcentaje_igv\": 0,\n        \"tip_afe_igv\": \"20\",\n        \"codigo_producto_sunat\": \"51161500\"\n      },\n      {\n        \"codigo\": \"SERV001\",\n        \"descripcion\": \"Servicio de instalación y configuración\",\n        \"unidad\": \"ZZ\",\n        \"cantidad\": 1,\n        \"mto_valor_unitario\": 12.49,\n        \"porcentaje_igv\": 18,\n        \"tip_afe_igv\": \"10\",\n        \"codigo_producto_sunat\": \"81112200\"\n      }\n    ],\n    \"usuario_creacion\": \"vendedor01\"\n  }",
					"options": {
						"raw": {
							"language": "json"
						}
					}
				},
				"url": {
					"raw": "{{base_url}}/api/v1/boletas/4/send-sunat",
					"host": [
						"{{base_url}}"
					],
					"path": [
						"api",
						"v1",
						"boletas",
						"4",
						"send-sunat"
					]
				}
			},
			"response": []
		},
		{
			"name": "Boleta gravada y exonerada Copy",
			"request": {
				"method": "POST",
				"header": [
					{
						"key": "Accept",
						"value": "application/json",
						"type": "text"
					},
					{
						"key": "Content-Type",
						"value": "application/json",
						"type": "text"
					},
					{
						"key": "Authorization",
						"value": "Bearer {{access_token}}",
						"type": "text"
					}
				],
				"body": {
					"mode": "raw",
					"raw": "{\n    \"company_id\": 2,\n    \"branch_id\": 2,\n    \"serie\": \"B001\",\n    \"fecha_emision\": \"2025-10-16\", //año-mes-dia\n    \"moneda\": \"PEN\",\n    \"tipo_operacion\": \"0101\",\n    \"metodo_envio\": \"resumen_diario\", //individual\n    \"forma_pago_tipo\": \"Contado\",\n    \"client\": {\n      \"tipo_documento\": \"1\",\n      \"numero_documento\": \"12345678\",\n      \"razon_social\": \"María Elena García Sánchez\",\n      \"nombre_comercial\": \"María García\",\n      \"direccion\": \"Av. Los Negocios 456, San Isidro\",\n      \"ubigeo\": \"150130\",\n      \"distrito\": \"San Isidro\",\n      \"provincia\": \"Lima\",\n      \"departamento\": \"Lima\",\n      \"telefono\": \"01-9876543\",\n      \"email\": \"maria.garcia@email.com\"\n    },\n    \"detalles\": [\n      {\n        \"codigo\": \"LAPTOP001\",\n        \"descripcion\": \"Laptop HP Pavilion 15.6\\\" Intel Core i5 8GB RAM\",\n        \"unidad\": \"NIU\",\n        \"cantidad\": 1,\n        \"mto_valor_unitario\": 2542.37,\n        \"porcentaje_igv\": 18,\n        \"tip_afe_igv\": \"10\",\n        \"codigo_producto_sunat\": \"43211507\"\n      },\n      {\n        \"codigo\": \"LIBRO001\",\n        \"descripcion\": \"Libro de matemáticas educativo nivel secundaria\",\n        \"unidad\": \"NIU\",\n        \"cantidad\": 3,\n        \"mto_valor_unitario\": 50.00,\n        \"porcentaje_igv\": 0,\n        \"tip_afe_igv\": \"20\",\n        \"codigo_producto_sunat\": \"55101500\"\n      },\n      {\n        \"codigo\": \"MED001\",\n        \"descripcion\": \"Medicamento genérico - Paracetamol 500mg\",\n        \"unidad\": \"NIU\",\n        \"cantidad\": 2,\n        \"mto_valor_unitario\": 45.00,\n        \"porcentaje_igv\": 0,\n        \"tip_afe_igv\": \"20\",\n        \"codigo_producto_sunat\": \"51161500\"\n      },\n      {\n        \"codigo\": \"SERV001\",\n        \"descripcion\": \"Servicio de instalación y configuración\",\n        \"unidad\": \"ZZ\",\n        \"cantidad\": 1,\n        \"mto_valor_unitario\": 12.49,\n        \"porcentaje_igv\": 18,\n        \"tip_afe_igv\": \"10\",\n        \"codigo_producto_sunat\": \"81112200\"\n      }\n    ],\n    \"usuario_creacion\": \"vendedor01\"\n  }",
					"options": {
						"raw": {
							"language": "json"
						}
					}
				},
				"url": {
					"raw": "{{base_url}}/api/v1/boletas",
					"host": [
						"{{base_url}}"
					],
					"path": [
						"api",
						"v1",
						"boletas"
					]
				}
			},
			"response": []
		},
		{
			"name": "Boleta Exonerada - Material Educativo",
			"request": {
				"method": "POST",
				"header": [
					{
						"key": "Accept",
						"value": "application/json",
						"type": "text"
					},
					{
						"key": "Content-Type",
						"value": "application/json",
						"type": "text"
					},
					{
						"key": "Authorization",
						"value": "Bearer {{access_token}}",
						"type": "text"
					}
				],
				"body": {
					"mode": "raw",
					"raw": "{\n    \"scenario\": \"Boleta Exonerada - Material Educativo\",\n    \"company_id\": 2,\n    \"branch_id\": 2,\n    \"serie\": \"B001\",\n    \"fecha_emision\": \"2025-10-16\",\n    \"moneda\": \"PEN\",\n    \"tipo_operacion\": \"0101\",\n    \"metodo_envio\": \"resumen_diario\",\n    \"forma_pago_tipo\": \"Contado\",\n    \"client\": {\n      \"tipo_documento\": \"1\",\n      \"numero_documento\": \"87654321\",\n      \"razon_social\": \"Carlos Alberto Mendoza Torres\",\n      \"direccion\": \"Jr. Educación 789, Pueblo Libre\",\n      \"telefono\": \"01-7654321\",\n      \"email\": \"carlos.mendoza@estudiante.edu.pe\"\n    },\n    \"detalles\": [\n      {\n        \"codigo\": \"LIB001\",\n        \"descripcion\": \"LIBRO DE TEXTO - Matemáticas Avanzadas para Secundaria\",\n        \"unidad\": \"NIU\",\n        \"cantidad\": 2,\n        \"mto_valor_unitario\": 85.00,\n        \"porcentaje_igv\": 0,\n        \"tip_afe_igv\": \"20\",\n        \"codigo_producto_sunat\": \"55101500\"\n      },\n      {\n        \"codigo\": \"REV001\",\n        \"descripcion\": \"REVISTA CIENTÍFICA - Investigación en Ciencias Vol. 2025\",\n        \"unidad\": \"NIU\",\n        \"cantidad\": 1,\n        \"mto_valor_unitario\": 45.00,\n        \"porcentaje_igv\": 0,\n        \"tip_afe_igv\": \"20\",\n        \"codigo_producto_sunat\": \"55102000\"\n      },\n      {\n        \"codigo\": \"CUA001\",\n        \"descripcion\": \"CUADERNOS UNIVERSITARIOS A4 x 100 hojas (Pack x5)\",\n        \"unidad\": \"NIU\",\n        \"cantidad\": 3,\n        \"mto_valor_unitario\": 25.00,\n        \"porcentaje_igv\": 0,\n        \"tip_afe_igv\": \"20\",\n        \"codigo_producto_sunat\": \"55121500\"\n      }\n    ],\n    \"usuario_creacion\": \"educacion01\"\n  }",
					"options": {
						"raw": {
							"language": "json"
						}
					}
				},
				"url": {
					"raw": "{{base_url}}/api/v1/boletas",
					"host": [
						"{{base_url}}"
					],
					"path": [
						"api",
						"v1",
						"boletas"
					]
				}
			},
			"response": []
		},
		{
			"name": "Boleta Exonerada - Medicamentos",
			"request": {
				"method": "POST",
				"header": [
					{
						"key": "Accept",
						"value": "application/json",
						"type": "text"
					},
					{
						"key": "Content-Type",
						"value": "application/json",
						"type": "text"
					},
					{
						"key": "Authorization",
						"value": "Bearer {{access_token}}",
						"type": "text"
					}
				],
				"body": {
					"mode": "raw",
					"raw": "{\n    \"scenario\": \"Boleta Exonerada - Medicamentos\",\n    \"company_id\": 1,\n    \"branch_id\": 1,\n    \"serie\": \"B001\",\n    \"fecha_emision\": \"2025-10-16\",\n    \"moneda\": \"PEN\",\n    \"tipo_operacion\": \"0101\",\n    \"metodo_envio\": \"resumen_diario\",\n    \"forma_pago_tipo\": \"Contado\",\n    \"client\": {\n      \"tipo_documento\": \"1\",\n      \"numero_documento\": \"11223344\",\n      \"razon_social\": \"Ana Sofía Vásquez Ramírez\",\n      \"direccion\": \"Av. Salud 456, La Victoria\",\n      \"telefono\": \"01-5551234\",\n      \"email\": \"ana.vasquez@email.com\"\n    },\n    \"detalles\": [\n      {\n        \"codigo\": \"MED001\",\n        \"descripcion\": \"PARACETAMOL 500mg - Caja x 100 tabletas\",\n        \"unidad\": \"NIU\",\n        \"cantidad\": 2,\n        \"mto_valor_unitario\": 15.00,\n        \"porcentaje_igv\": 0,\n        \"tip_afe_igv\": \"20\",\n        \"codigo_producto_sunat\": \"51161500\"\n      },\n      {\n        \"codigo\": \"MED002\",\n        \"descripcion\": \"IBUPROFENO 400mg - Caja x 50 cápsulas\",\n        \"unidad\": \"NIU\",\n        \"cantidad\": 1,\n        \"mto_valor_unitario\": 25.00,\n        \"porcentaje_igv\": 0,\n        \"tip_afe_igv\": \"20\",\n        \"codigo_producto_sunat\": \"51161500\"\n      },\n      {\n        \"codigo\": \"MED003\",\n        \"descripcion\": \"JARABE PARA LA TOS - Frasco 120ml\",\n        \"unidad\": \"NIU\",\n        \"cantidad\": 1,\n        \"mto_valor_unitario\": 18.00,\n        \"porcentaje_igv\": 0,\n        \"tip_afe_igv\": \"20\",\n        \"codigo_producto_sunat\": \"51161500\"\n      }\n    ],\n    \"usuario_creacion\": \"farmacia01\"\n  }",
					"options": {
						"raw": {
							"language": "json"
						}
					}
				},
				"url": {
					"raw": "{{base_url}}/api/v1/boletas",
					"host": [
						"{{base_url}}"
					],
					"path": [
						"api",
						"v1",
						"boletas"
					]
				}
			},
			"response": []
		},
		{
			"name": "Boleta Exonerada - Alimentos de Primera Necesidad",
			"request": {
				"method": "POST",
				"header": [
					{
						"key": "Accept",
						"value": "application/json",
						"type": "text"
					},
					{
						"key": "Content-Type",
						"value": "application/json",
						"type": "text"
					},
					{
						"key": "Authorization",
						"value": "Bearer {{access_toekn}}",
						"type": "text"
					}
				],
				"body": {
					"mode": "raw",
					"raw": "{\n    \"scenario\": \"Boleta Exonerada - Alimentos de Primera Necesidad\",\n    \"company_id\": 1,\n    \"branch_id\": 1,\n    \"serie\": \"B001\",\n    \"fecha_emision\": \"2025-10-16\",\n    \"moneda\": \"PEN\",\n    \"tipo_operacion\": \"0101\",\n    \"metodo_envio\": \"resumen_diario\",\n    \"forma_pago_tipo\": \"Contado\",\n    \"client\": {\n      \"tipo_documento\": \"1\",\n      \"numero_documento\": \"99887766\",\n      \"razon_social\": \"Roberto Carlos Chávez Gonzáles\",\n      \"direccion\": \"Jr. Mercado 123, Cercado de Lima\",\n      \"telefono\": \"01-9988776\",\n      \"email\": \"roberto.chavez@email.com\"\n    },\n    \"detalles\": [\n      {\n        \"codigo\": \"ALM001\",\n        \"descripcion\": \"ARROZ SUPERIOR - Saco 50kg\",\n        \"unidad\": \"KGM\",\n        \"cantidad\": 1,\n        \"mto_valor_unitario\": 95.00,\n        \"porcentaje_igv\": 0,\n        \"tip_afe_igv\": \"20\",\n        \"codigo_producto_sunat\": \"10061700\"\n      },\n      {\n        \"codigo\": \"ALM002\",\n        \"descripcion\": \"FREJOL CANARIO - Saco 25kg\",\n        \"unidad\": \"KGM\",\n        \"cantidad\": 1,\n        \"mto_valor_unitario\": 85.00,\n        \"porcentaje_igv\": 0,\n        \"tip_afe_igv\": \"20\",\n        \"codigo_producto_sunat\": \"10051500\"\n      },\n      {\n        \"codigo\": \"ALM003\",\n        \"descripcion\": \"AZÚCAR RUBIA - Bolsa 5kg\",\n        \"unidad\": \"KGM\",\n        \"cantidad\": 2,\n        \"mto_valor_unitario\": 18.00,\n        \"porcentaje_igv\": 0,\n        \"tip_afe_igv\": \"20\",\n        \"codigo_producto_sunat\": \"50401500\"\n      }\n    ],\n    \"usuario_creacion\": \"abarrotes01\"\n  }",
					"options": {
						"raw": {
							"language": "json"
						}
					}
				},
				"url": {
					"raw": "{{base_url}}/api/v1/boletas",
					"host": [
						"{{base_url}}"
					],
					"path": [
						"api",
						"v1",
						"boletas"
					]
				}
			},
			"response": []
		},
		{
			"name": "Boleta Gravada - Productos Tecnológicos",
			"request": {
				"method": "POST",
				"header": [
					{
						"key": "Accept",
						"value": "application/json",
						"type": "text"
					},
					{
						"key": "Content-Type",
						"value": "application/json",
						"type": "text"
					},
					{
						"key": "Authorization",
						"value": "Bearer {{access_token}}",
						"type": "text"
					}
				],
				"body": {
					"mode": "raw",
					"raw": "{\n    \"scenario\": \"Boleta Gravada - Productos Tecnológicos\",\n    \"company_id\": 1,\n    \"branch_id\": 1,\n    \"serie\": \"B001\",\n    \"fecha_emision\": \"2025-10-16\",\n    \"moneda\": \"PEN\",\n    \"tipo_operacion\": \"0101\",\n    \"metodo_envio\": \"resumen_diario\",\n    \"forma_pago_tipo\": \"Contado\",\n    \"client\": {\n      \"tipo_documento\": \"1\",\n      \"numero_documento\": \"55443322\",\n      \"razon_social\": \"Diego Fernando López Castro\",\n      \"direccion\": \"Av. Tecnología 789, San Borja\",\n      \"telefono\": \"01-5544332\",\n      \"email\": \"diego.lopez@tech.com\"\n    },\n    \"detalles\": [\n      {\n        \"codigo\": \"PHONE001\",\n        \"descripcion\": \"SMARTPHONE Samsung Galaxy A54 128GB\",\n        \"unidad\": \"NIU\",\n        \"cantidad\": 1,\n        \"mto_valor_unitario\": 1271.19,\n        \"porcentaje_igv\": 18,\n        \"tip_afe_igv\": \"10\",\n        \"codigo_producto_sunat\": \"43191501\"\n      },\n      {\n        \"codigo\": \"CASE001\",\n        \"descripcion\": \"FUNDA Protectora Transparente + Vidrio Templado\",\n        \"unidad\": \"NIU\",\n        \"cantidad\": 1,\n        \"mto_valor_unitario\": 42.37,\n        \"porcentaje_igv\": 18,\n        \"tip_afe_igv\": \"10\",\n        \"codigo_producto_sunat\": \"43191508\"\n      },\n      {\n        \"codigo\": \"CHAR001\",\n        \"descripcion\": \"CARGADOR Rápido USB-C 25W Original\",\n        \"unidad\": \"NIU\",\n        \"cantidad\": 1,\n        \"mto_valor_unitario\": 84.75,\n        \"porcentaje_igv\": 18,\n        \"tip_afe_igv\": \"10\",\n        \"codigo_producto_sunat\": \"43222608\"\n      }\n    ],\n    \"usuario_creacion\": \"tecnologia01\"\n  }",
					"options": {
						"raw": {
							"language": "json"
						}
					}
				},
				"url": {
					"raw": "{{base_url}}/api/v1/boletas",
					"host": [
						"{{base_url}}"
					],
					"path": [
						"api",
						"v1",
						"boletas"
					]
				}
			},
			"response": []
		},
		{
			"name": "Boleta Gratuita - Promocional",
			"request": {
				"method": "POST",
				"header": [
					{
						"key": "Accept",
						"value": "application/json",
						"type": "text"
					},
					{
						"key": "Content-Type",
						"value": "application/json",
						"type": "text"
					},
					{
						"key": "Authorization",
						"value": "Bearer {{access_token}}",
						"type": "text"
					}
				],
				"body": {
					"mode": "raw",
					"raw": " {\n      \"company_id\": 1,\n      \"branch_id\": 1,\n      \"serie\": \"B001\",\n      \"fecha_emision\": \"2025-10-16\",\n      \"moneda\": \"PEN\",\n      \"tipo_operacion\": \"0101\",\n      \"metodo_envio\": \"individual\",\n      \"client\": {\n          \"tipo_documento\": \"1\",\n          \"numero_documento\": \"12345678\",\n          \"razon_social\": \"PATRICIA ELENA MORALES DÍAZ\"\n      },\n      \"detalles\": [\n          {\n              \"codigo\": \"P001\",\n              \"descripcion\": \"Muestra gratuita - Shampoo anticaspa 50ml\",\n              \"unidad\": \"NIU\",\n              \"cantidad\": 1,\n              \"mto_valor_unitario\": 0.00,\n              \"mto_valor_gratuito\": 50.00,\n              \"porcentaje_igv\": 18,\n              \"tip_afe_igv\": \"11\"\n          }\n      ]\n  }",
					"options": {
						"raw": {
							"language": "json"
						}
					}
				},
				"url": {
					"raw": "{{base_url}}/api/v1/boletas/6/send-sunat",
					"host": [
						"{{base_url}}"
					],
					"path": [
						"api",
						"v1",
						"boletas",
						"6",
						"send-sunat"
					]
				}
			},
			"response": []
		},
		{
			"name": "Boleta con IVAP - Arroz Pilado",
			"request": {
				"method": "POST",
				"header": [
					{
						"key": "Accept",
						"value": "application/json",
						"type": "text"
					},
					{
						"key": "Content-Type",
						"value": "application/json",
						"type": "text"
					},
					{
						"key": "Authorization",
						"value": "Bearer {{access_token}}",
						"type": "text"
					}
				],
				"body": {
					"mode": "raw",
					"raw": " {\n      \"company_id\": 1,\n      \"branch_id\": 1,\n      \"serie\": \"B001\",\n      \"fecha_emision\": \"2025-10-16\",\n      \"moneda\": \"PEN\",\n      \"tipo_operacion\": \"0101\",\n      \"metodo_envio\": \"resumen_diario\",\n      \"forma_pago_tipo\": \"Contado\",\n      \"client\": {\n          \"tipo_documento\": \"1\",\n          \"numero_documento\": \"33445566\",\n          \"razon_social\": \"Luis Alberto Paredes Ruiz\",\n          \"direccion\": \"Av. Amazonas 321, Iquitos\",\n          \"telefono\": \"01-3344556\",\n          \"email\": \"luis.paredes@amazonia.com\"\n      },\n      \"detalles\": [\n          {\n              \"codigo\": \"ARROZ001\",\n              \"descripcion\": \"ARROZ PILADO Premium - Saco 50kg\",\n              \"unidad\": \"KGM\",\n              \"cantidad\": 2,\n              \"mto_valor_unitario\": 120.00,\n              \"porcentaje_igv\": 4,\n              \"tip_afe_igv\": \"17\"\n          }\n      ]\n  }",
					"options": {
						"raw": {
							"language": "json"
						}
					}
				},
				"url": {
					"raw": "{{base_url}}/api/v1/boletas",
					"host": [
						"{{base_url}}"
					],
					"path": [
						"api",
						"v1",
						"boletas"
					]
				}
			},
			"response": []
		},
		{
			"name": "Boleta con ISC - Bebidas Alcohólicas",
			"request": {
				"method": "POST",
				"header": [
					{
						"key": "Accept",
						"value": "application/json",
						"type": "text"
					},
					{
						"key": "Content-Type",
						"value": "application/json",
						"type": "text"
					},
					{
						"key": "Authorization",
						"value": "Bearer {{access_token}}",
						"type": "text"
					}
				],
				"body": {
					"mode": "raw",
					"raw": "{\n    \"scenario\": \"Boleta con ISC - Bebidas Alcohólicas\",\n    \"company_id\": 1,\n    \"branch_id\": 1,\n    \"serie\": \"B001\",\n    \"fecha_emision\": \"2025-10-16\",\n    \"moneda\": \"PEN\",\n    \"tipo_operacion\": \"0101\",\n    \"metodo_envio\": \"resumen_diario\",\n    \"forma_pago_tipo\": \"Contado\",\n    \"client\": {\n      \"tipo_documento\": \"1\",\n      \"numero_documento\": \"66778899\",\n      \"razon_social\": \"Fernando José Quispe Mamani\",\n      \"direccion\": \"Av. Licores 147, Barranco\",\n      \"telefono\": \"01-6677889\",\n      \"email\": \"fernando.quispe@licoreria.com\"\n    },\n    \"detalles\": [\n      {\n        \"codigo\": \"PISCO001\",\n        \"descripcion\": \"PISCO Acholado 750ml - Botella\",\n        \"unidad\": \"NIU\",\n        \"cantidad\": 2,\n        \"mto_valor_unitario\": 84.75,\n        \"porcentaje_igv\": 18,\n        \"tip_afe_igv\": \"10\",\n        \"isc\": 30.51,\n        \"tipo_sistema_isc\": \"03\",\n        \"codigo_producto_sunat\": \"50201700\"\n      },\n      {\n        \"codigo\": \"CERVEZA001\",\n        \"descripcion\": \"CERVEZA Premium 650ml - Pack x6\",\n        \"unidad\": \"NIU\",\n        \"cantidad\": 1,\n        \"mto_valor_unitario\": 42.37,\n        \"porcentaje_igv\": 18,\n        \"tip_afe_igv\": \"10\",\n        \"isc\": 15.25,\n        \"tipo_sistema_isc\": \"03\",\n        \"codigo_producto_sunat\": \"50202100\"\n      }\n    ],\n    \"usuario_creacion\": \"licoreria01\"\n  }",
					"options": {
						"raw": {
							"language": "json"
						}
					}
				},
				"url": {
					"raw": "{{base_url}}/api/v1/boletas",
					"host": [
						"{{base_url}}"
					],
					"path": [
						"api",
						"v1",
						"boletas"
					]
				}
			},
			"response": []
		},
		{
			"name": "Boleta ICBPER - Bolsas Plásticas",
			"request": {
				"method": "POST",
				"header": [
					{
						"key": "Accept",
						"value": "application/json",
						"type": "text"
					},
					{
						"key": "Content-Type",
						"value": "application/json",
						"type": "text"
					},
					{
						"key": "Authorization",
						"value": "Bearer {{access_token}}",
						"type": "text"
					}
				],
				"body": {
					"mode": "raw",
					"raw": "{\n    \"scenario\": \"Boleta ICBPER - Bolsas Plásticas\",\n    \"company_id\": 1,\n    \"branch_id\": 1,\n    \"serie\": \"B001\",\n    \"fecha_emision\": \"2025-10-16\",\n    \"moneda\": \"PEN\",\n    \"tipo_operacion\": \"0101\",\n    \"metodo_envio\": \"resumen_diario\",\n    \"forma_pago_tipo\": \"Contado\",\n    \"client\": {\n      \"tipo_documento\": \"1\",\n      \"numero_documento\": \"44556677\",\n      \"razon_social\": \"Carmen Rosa Huamán Salazar\",\n      \"direccion\": \"Jr. Comercio 963, La Victoria\",\n      \"telefono\": \"01-4455667\",\n      \"email\": \"carmen.huaman@supermarket.com\"\n    },\n    \"detalles\": [\n      {\n        \"codigo\": \"PROD001\",\n        \"descripcion\": \"Producto Alimenticio Varios\",\n        \"unidad\": \"NIU\",\n        \"cantidad\": 5,\n        \"mto_valor_unitario\": 15.00,\n        \"porcentaje_igv\": 18,\n        \"tip_afe_igv\": \"10\",\n        \"codigo_producto_sunat\": \"50000000\"\n      },\n      {\n        \"codigo\": \"BOLSA001\",\n        \"descripcion\": \"BOLSA PLÁSTICA Grande (Gravada ICBPER)\",\n        \"unidad\": \"NIU\",\n        \"cantidad\": 3,\n        \"mto_valor_unitario\": 0.50,\n        \"porcentaje_igv\": 18,\n        \"tip_afe_igv\": \"10\",\n        \"icbper\": 0.50,\n        \"factor_icbper\": 1,\n        \"codigo_producto_sunat\": \"25181500\"\n      }\n    ],\n    \"usuario_creacion\": \"supermarket01\"\n  }",
					"options": {
						"raw": {
							"language": "json"
						}
					}
				},
				"url": {
					"raw": "{{base_url}}/api/v1/boletas",
					"host": [
						"{{base_url}}"
					],
					"path": [
						"api",
						"v1",
						"boletas"
					]
				}
			},
			"response": []
		},
		{
			"name": "Boleta Inafecta - Servicios Financieros",
			"request": {
				"method": "POST",
				"header": [
					{
						"key": "Accept",
						"value": "application/json",
						"type": "text"
					},
					{
						"key": "Content-Type",
						"value": "application/json",
						"type": "text"
					},
					{
						"key": "Authorization",
						"value": "Bearer {{access_token}}",
						"type": "text"
					}
				],
				"body": {
					"mode": "raw",
					"raw": "{\n    \"scenario\": \"Boleta Inafecta - Servicios Financieros\",\n    \"company_id\": 1,\n    \"branch_id\": 1,\n    \"serie\": \"B001\",\n    \"fecha_emision\": \"2025-10-16\",\n    \"moneda\": \"PEN\",\n    \"tipo_operacion\": \"0101\",\n    \"metodo_envio\": \"resumen_diario\",\n    \"forma_pago_tipo\": \"Contado\",\n    \"client\": {\n      \"tipo_documento\": \"1\",\n      \"numero_documento\": \"22334455\",\n      \"razon_social\": \"Miguel Ángel Torres Fernández\",\n      \"direccion\": \"Av. Financiera 852, San Isidro\",\n      \"telefono\": \"01-2233445\",\n      \"email\": \"miguel.torres@finanzas.com\"\n    },\n    \"detalles\": [\n      {\n        \"codigo\": \"FIN001\",\n        \"descripcion\": \"COMISIÓN POR TRANSFERENCIA BANCARIA\",\n        \"unidad\": \"ZZ\",\n        \"cantidad\": 1,\n        \"mto_valor_unitario\": 25.00,\n        \"porcentaje_igv\": 0,\n        \"tip_afe_igv\": \"30\",\n        \"codigo_producto_sunat\": \"80141600\"\n      },\n      {\n        \"codigo\": \"FIN002\",\n        \"descripcion\": \"COMISIÓN POR MANTENIMIENTO DE CUENTA\",\n        \"unidad\": \"ZZ\",\n        \"cantidad\": 1,\n        \"mto_valor_unitario\": 15.00,\n        \"porcentaje_igv\": 0,\n        \"tip_afe_igv\": \"30\",\n        \"codigo_producto_sunat\": \"80141600\"\n      }\n    ],\n    \"usuario_creacion\": \"finanzas01\"\n  }",
					"options": {
						"raw": {
							"language": "json"
						}
					}
				},
				"url": {
					"raw": "{{base_url}}/api/v1/boletas",
					"host": [
						"{{base_url}}"
					],
					"path": [
						"api",
						"v1",
						"boletas"
					]
				}
			},
			"response": []
		},
		{
			"name": "Boleta con Descuento por Línea",
			"request": {
				"method": "POST",
				"header": [
					{
						"key": "Accept",
						"value": "application/json",
						"type": "text"
					},
					{
						"key": "Content-Type",
						"value": "application/json",
						"type": "text"
					},
					{
						"key": "Authorization",
						"value": "Bearer {{access_token}}",
						"type": "text"
					}
				],
				"body": {
					"mode": "raw",
					"raw": "{\n    \"scenario\": \"Boleta con Descuento por Línea\",\n    \"company_id\": 1,\n    \"branch_id\": 1,\n    \"serie\": \"B001\",\n    \"fecha_emision\": \"2025-10-16\",\n    \"moneda\": \"PEN\",\n    \"tipo_operacion\": \"0101\",\n    \"metodo_envio\": \"resumen_diario\",\n    \"forma_pago_tipo\": \"Contado\",\n    \"client\": {\n      \"tipo_documento\": \"1\",\n      \"numero_documento\": \"12345678\",\n      \"razon_social\": \"Juan Pérez López\",\n      \"direccion\": \"Av. Comercio 123, Lima\",\n      \"telefono\": \"01-1234567\",\n      \"email\": \"juan.perez@email.com\"\n    },\n    \"detalles\": [\n      {\n        \"codigo\": \"PROD001\",\n        \"descripcion\": \"Producto con Descuento 20%\",\n        \"unidad\": \"NIU\",\n        \"cantidad\": 2,\n        \"mto_valor_unitario\": 100.00,\n        \"porcentaje_igv\": 18,\n        \"tip_afe_igv\": \"10\",\n        \"descuentos\": [\n          {\n            \"cod_tipo\": \"00\",\n            \"monto_base\": 200.00,\n            \"factor\": 0.20,\n            \"monto\": 40.00\n          }\n        ]\n      },\n      {\n        \"codigo\": \"PROD002\",\n        \"descripcion\": \"Producto sin Descuento\",\n        \"unidad\": \"NIU\",\n        \"cantidad\": 1,\n        \"mto_valor_unitario\": 50.00,\n        \"porcentaje_igv\": 18,\n        \"tip_afe_igv\": \"10\"\n      }\n    ],\n    \"usuario_creacion\": \"vendedor01\"\n  }",
					"options": {
						"raw": {
							"language": "json"
						}
					}
				},
				"url": {
					"raw": "{{base_url}}/api/v1/boletas",
					"host": [
						"{{base_url}}"
					],
					"path": [
						"api",
						"v1",
						"boletas"
					]
				}
			},
			"response": []
		},
		{
			"name": "Boleta con Descuento Global",
			"request": {
				"method": "POST",
				"header": [
					{
						"key": "Accept",
						"value": "application/json",
						"type": "text"
					},
					{
						"key": "Content-Type",
						"value": "application/json",
						"type": "text"
					},
					{
						"key": "Authorization",
						"value": "Bearer {{access_token}}",
						"type": "text"
					}
				],
				"body": {
					"mode": "raw",
					"raw": "{\n    \"scenario\": \"Boleta con Descuento Global\",\n    \"company_id\": 1,\n    \"branch_id\": 1,\n    \"serie\": \"B001\",\n    \"fecha_emision\": \"2025-10-16\",\n    \"moneda\": \"PEN\",\n    \"tipo_operacion\": \"0101\",\n    \"metodo_envio\": \"resumen_diario\",\n    \"forma_pago_tipo\": \"Contado\",\n    \"client\": {\n      \"tipo_documento\": \"1\",\n      \"numero_documento\": \"87654321\",\n      \"razon_social\": \"María Rodríguez García\",\n      \"direccion\": \"Jr. Descuentos 456, Miraflores\",\n      \"telefono\": \"01-7654321\",\n      \"email\": \"maria.rodriguez@email.com\"\n    },\n    \"detalles\": [\n      {\n        \"codigo\": \"PROD001\",\n        \"descripcion\": \"Producto 1\",\n        \"unidad\": \"NIU\",\n        \"cantidad\": 3,\n        \"mto_valor_unitario\": 80.00,\n        \"porcentaje_igv\": 18,\n        \"tip_afe_igv\": \"10\"\n      },\n      {\n        \"codigo\": \"PROD002\",\n        \"descripcion\": \"Producto 2\",\n        \"unidad\": \"NIU\",\n        \"cantidad\": 2,\n        \"mto_valor_unitario\": 60.00,\n        \"porcentaje_igv\": 18,\n        \"tip_afe_igv\": \"10\"\n      }\n    ],\n    \"descuentos\": [\n      {\n        \"cod_tipo\": \"02\",\n        \"monto_base\": 360.00,\n        \"factor\": 0.10,\n        \"monto\": 36.00\n      }\n    ],\n    \"usuario_creacion\": \"vendedor02\"\n  }",
					"options": {
						"raw": {
							"language": "json"
						}
					}
				},
				"url": {
					"raw": "{{base_url}}/api/v1/boletas/14/send-sunat",
					"host": [
						"{{base_url}}"
					],
					"path": [
						"api",
						"v1",
						"boletas",
						"14",
						"send-sunat"
					]
				}
			},
			"response": []
		},
		{
			"name": "Boleta con Anticipo",
			"request": {
				"method": "POST",
				"header": [
					{
						"key": "Accept",
						"value": "application/json",
						"type": "text"
					},
					{
						"key": "Content-Type",
						"value": "application/json",
						"type": "text"
					},
					{
						"key": "Authorization",
						"value": "Bearer {{access_token}}",
						"type": "text"
					}
				],
				"body": {
					"mode": "raw",
					"raw": "{\n    \"scenario\": \"Boleta con Anticipo\",\n    \"company_id\": 1,\n    \"branch_id\": 1,\n    \"serie\": \"B001\",\n    \"fecha_emision\": \"2025-10-16\",\n    \"moneda\": \"PEN\",\n    \"tipo_operacion\": \"0101\",\n    \"metodo_envio\": \"resumen_diario\",\n    \"forma_pago_tipo\": \"Contado\",\n    \"client\": {\n      \"tipo_documento\": \"1\",\n      \"numero_documento\": \"11223344\",\n      \"razon_social\": \"Carlos Mendoza Torres\",\n      \"direccion\": \"Av. Anticipos 789, San Isidro\",\n      \"telefono\": \"01-1122334\",\n      \"email\": \"carlos.mendoza@email.com\"\n    },\n    \"detalles\": [\n      {\n        \"codigo\": \"PROD001\",\n        \"descripcion\": \"Producto Principal\",\n        \"unidad\": \"NIU\",\n        \"cantidad\": 1,\n        \"mto_valor_unitario\": 500.00,\n        \"porcentaje_igv\": 18,\n        \"tip_afe_igv\": \"10\"\n      }\n    ],\n    \"anticipos\": [\n      {\n        \"tipo_doc_rel\": \"02\",\n        \"nro_doc_rel\": \"BA001-001\",\n        \"total\": 100.00\n      }\n    ],\n    \"usuario_creacion\": \"vendedor03\"\n  }",
					"options": {
						"raw": {
							"language": "json"
						}
					}
				},
				"url": {
					"raw": "{{base_url}}/api/v1/boletas/22/send-sunat",
					"host": [
						"{{base_url}}"
					],
					"path": [
						"api",
						"v1",
						"boletas",
						"22",
						"send-sunat"
					]
				}
			},
			"response": []
		},
		{
			"name": "Boleta con Múltiples Anticipos",
			"request": {
				"method": "POST",
				"header": [
					{
						"key": "Accept",
						"value": "application/json",
						"type": "text"
					},
					{
						"key": "Content-Type",
						"value": "application/json",
						"type": "text"
					},
					{
						"key": "Authorization",
						"value": "Bearer {{access_token}}",
						"type": "text"
					}
				],
				"body": {
					"mode": "raw",
					"raw": "{\n    \"scenario\": \"Boleta con Múltiples Anticipos\",\n    \"company_id\": 1,\n    \"branch_id\": 1,\n    \"serie\": \"B001\",\n    \"fecha_emision\": \"2025-10-16\",\n    \"moneda\": \"PEN\",\n    \"tipo_operacion\": \"0101\",\n    \"metodo_envio\": \"resumen_diario\",\n    \"forma_pago_tipo\": \"Contado\",\n    \"client\": {\n      \"tipo_documento\": \"1\",\n      \"numero_documento\": \"55667788\",\n      \"razon_social\": \"Ana López Sánchez\",\n      \"direccion\": \"Jr. Pagos 321, Surco\",\n      \"telefono\": \"01-5566778\",\n      \"email\": \"ana.lopez@email.com\"\n    },\n    \"detalles\": [\n      {\n        \"codigo\": \"SERV001\",\n        \"descripcion\": \"Servicio Premium\",\n        \"unidad\": \"ZZ\",\n        \"cantidad\": 1,\n        \"mto_valor_unitario\": 1000.00,\n        \"porcentaje_igv\": 18,\n        \"tip_afe_igv\": \"10\"\n      }\n    ],\n    \"anticipos\": [\n      {\n        \"tipo_doc_rel\": \"02\",\n        \"nro_doc_rel\": \"BA001-002\",\n        \"total\": 300.00\n      },\n      {\n        \"tipo_doc_rel\": \"02\",\n        \"nro_doc_rel\": \"BA001-003\",\n        \"total\": 200.00\n      }\n    ],\n    \"usuario_creacion\": \"vendedor04\"\n  }",
					"options": {
						"raw": {
							"language": "json"
						}
					}
				},
				"url": {
					"raw": "{{base_url}}/api/v1/boletas",
					"host": [
						"{{base_url}}"
					],
					"path": [
						"api",
						"v1",
						"boletas"
					]
				}
			},
			"response": []
		},
		{
			"name": "Boleta con Percepción",
			"request": {
				"method": "POST",
				"header": [
					{
						"key": "Accept",
						"value": "application/json",
						"type": "text"
					},
					{
						"key": "Content-Type",
						"value": "application/json",
						"type": "text"
					},
					{
						"key": "Authorization",
						"value": "Bearer {{access_token}}",
						"type": "text"
					}
				],
				"body": {
					"mode": "raw",
					"raw": "{\n    \"scenario\": \"Boleta con Percepción\",\n    \"company_id\": 1,\n    \"branch_id\": 1,\n    \"serie\": \"B001\",\n    \"fecha_emision\": \"2025-10-16\",\n    \"moneda\": \"PEN\",\n    \"tipo_operacion\": \"0101\",\n    \"metodo_envio\": \"resumen_diario\",\n    \"forma_pago_tipo\": \"Contado\",\n    \"client\": {\n      \"tipo_documento\": \"1\",\n      \"numero_documento\": \"99887766\",\n      \"razon_social\": \"Roberto Chávez Gonzáles\",\n      \"direccion\": \"Av. Percepciones 654, La Molina\",\n      \"telefono\": \"01-9988776\",\n      \"email\": \"roberto.chavez@email.com\"\n    },\n    \"detalles\": [\n      {\n        \"codigo\": \"PROD001\",\n        \"descripcion\": \"Producto con Percepción\",\n        \"unidad\": \"NIU\",\n        \"cantidad\": 2,\n        \"mto_valor_unitario\": 100.00,\n        \"porcentaje_igv\": 18,\n        \"tip_afe_igv\": \"10\"\n      }\n    ],\n    \"perception\": {\n      \"cod_reg\": \"51\",\n      \"porcentaje\": 2.00,\n      \"mto_base\": 200.00,\n      \"mto\": 4.00,\n      \"mto_total\": 204.00\n    },\n    \"usuario_creacion\": \"vendedor05\"\n  }",
					"options": {
						"raw": {
							"language": "json"
						}
					}
				},
				"url": {
					"raw": "{{base_url}}/api/v1/boletas",
					"host": [
						"{{base_url}}"
					],
					"path": [
						"api",
						"v1",
						"boletas"
					]
				}
			},
			"response": []
		},
		{
			"name": "Boleta con Retención",
			"request": {
				"method": "POST",
				"header": [
					{
						"key": "Accept",
						"value": "application/json",
						"type": "text"
					},
					{
						"key": "Content-Type",
						"value": "application/json",
						"type": "text"
					},
					{
						"key": "Authorization",
						"value": "Bearer {{access_token}}",
						"type": "text"
					}
				],
				"body": {
					"mode": "raw",
					"raw": "{\n    \"scenario\": \"Boleta con Retención\",\n    \"company_id\": 1,\n    \"branch_id\": 1,\n    \"serie\": \"B001\",\n    \"fecha_emision\": \"2025-10-16\",\n    \"moneda\": \"PEN\",\n    \"tipo_operacion\": \"0101\",\n    \"metodo_envio\": \"resumen_diario\",\n    \"forma_pago_tipo\": \"Contado\",\n    \"client\": {\n      \"tipo_documento\": \"1\",\n      \"numero_documento\": \"44556677\",\n      \"razon_social\": \"Laura Martínez Ruiz\",\n      \"direccion\": \"Av. Retenciones 987, San Borja\",\n      \"telefono\": \"01-4455667\",\n      \"email\": \"laura.martinez@email.com\"\n    },\n    \"detalles\": [\n      {\n        \"codigo\": \"PROD001\",\n        \"descripcion\": \"Producto con Retención\",\n        \"unidad\": \"NIU\",\n        \"cantidad\": 3,\n        \"mto_valor_unitario\": 80.00,\n        \"porcentaje_igv\": 18,\n        \"tip_afe_igv\": \"10\"\n      }\n    ],\n    \"descuentos\": [\n      {\n        \"cod_tipo\": \"62\",\n        \"monto_base\": 283.20,\n        \"factor\": 0.03,\n        \"monto\": 8.50\n      }\n    ],\n    \"usuario_creacion\": \"vendedor06\"\n  }",
					"options": {
						"raw": {
							"language": "json"
						}
					}
				},
				"url": {
					"raw": "{{base_url}}/api/v1/boletas",
					"host": [
						"{{base_url}}"
					],
					"path": [
						"api",
						"v1",
						"boletas"
					]
				}
			},
			"response": []
		},
		{
			"name": "Boleta con Guía de Remisión",
			"request": {
				"method": "POST",
				"header": [
					{
						"key": "Accept",
						"value": "application/json",
						"type": "text"
					},
					{
						"key": "Content-Type",
						"value": "application/json",
						"type": "text"
					},
					{
						"key": "Authorization",
						"value": "Bearer {{access_token}}",
						"type": "text"
					}
				],
				"body": {
					"mode": "raw",
					"raw": "{\n    \"scenario\": \"Boleta con Guía de Remisión\",\n    \"company_id\": 1,\n    \"branch_id\": 1,\n    \"serie\": \"B001\",\n    \"fecha_emision\": \"2025-10-16\",\n    \"moneda\": \"PEN\",\n    \"tipo_operacion\": \"0101\",\n    \"metodo_envio\": \"resumen_diario\",\n    \"forma_pago_tipo\": \"Contado\",\n    \"client\": {\n      \"tipo_documento\": \"1\",\n      \"numero_documento\": \"33445566\",\n      \"razon_social\": \"Pedro Gómez Flores\",\n      \"direccion\": \"Av. Guías 555, Jesús María\",\n      \"telefono\": \"01-3344556\",\n      \"email\": \"pedro.gomez@email.com\"\n    },\n    \"detalles\": [\n      {\n        \"codigo\": \"PROD001\",\n        \"descripcion\": \"Producto con Guía\",\n        \"unidad\": \"NIU\",\n        \"cantidad\": 5,\n        \"mto_valor_unitario\": 40.00,\n        \"porcentaje_igv\": 18,\n        \"tip_afe_igv\": \"10\"\n      }\n    ],\n    \"guias\": [\n      {\n        \"tipo_doc\": \"09\",\n        \"nro_doc\": \"T001-1\"\n      }\n    ],\n    \"usuario_creacion\": \"vendedor07\"\n  }",
					"options": {
						"raw": {
							"language": "json"
						}
					}
				},
				"url": {
					"raw": "{{base_url}}/api/v1/boletas",
					"host": [
						"{{base_url}}"
					],
					"path": [
						"api",
						"v1",
						"boletas"
					]
				}
			},
			"response": []
		},
		{
			"name": "Boleta con Múltiples Guías de Remisión",
			"request": {
				"method": "POST",
				"header": [
					{
						"key": "Accept",
						"value": "application/json",
						"type": "text"
					},
					{
						"key": "Content-Type",
						"value": "application/json",
						"type": "text"
					},
					{
						"key": "Authorization",
						"value": "Bearer {{access_token}}",
						"type": "text"
					}
				],
				"body": {
					"mode": "raw",
					"raw": "{\n    \"scenario\": \"Boleta con Múltiples Guías de Remisión\",\n    \"company_id\": 1,\n    \"branch_id\": 1,\n    \"serie\": \"B001\",\n    \"fecha_emision\": \"2025-10-16\",\n    \"moneda\": \"PEN\",\n    \"tipo_operacion\": \"0101\",\n    \"metodo_envio\": \"resumen_diario\",\n    \"forma_pago_tipo\": \"Contado\",\n    \"client\": {\n      \"tipo_documento\": \"1\",\n      \"numero_documento\": \"77889900\",\n      \"razon_social\": \"Sofía Castro Díaz\",\n      \"direccion\": \"Jr. Múltiples 222, Lince\",\n      \"telefono\": \"01-7788990\",\n      \"email\": \"sofia.castro@email.com\"\n    },\n    \"detalles\": [\n      {\n        \"codigo\": \"PROD001\",\n        \"descripcion\": \"Producto Lote A\",\n        \"unidad\": \"KG\",\n        \"cantidad\": 10,\n        \"mto_valor_unitario\": 20.00,\n        \"porcentaje_igv\": 18,\n        \"tip_afe_igv\": \"10\"\n      },\n      {\n        \"codigo\": \"PROD002\",\n        \"descripcion\": \"Producto Lote B\",\n        \"unidad\": \"KG\",\n        \"cantidad\": 15,\n        \"mto_valor_unitario\": 15.00,\n        \"porcentaje_igv\": 18,\n        \"tip_afe_igv\": \"10\"\n      }\n    ],\n    \"guias\": [\n      {\n        \"tipo_doc\": \"09\",\n        \"nro_doc\": \"T001-101\"\n      },\n      {\n        \"tipo_doc\": \"09\",\n        \"nro_doc\": \"T001-102\"\n      }\n    ],\n    \"usuario_creacion\": \"vendedor08\"\n  }",
					"options": {
						"raw": {
							"language": "json"
						}
					}
				},
				"url": {
					"raw": "{{base_url}}/api/v1/boletas",
					"host": [
						"{{base_url}}"
					],
					"path": [
						"api",
						"v1",
						"boletas"
					]
				}
			},
			"response": []
		},
		{
			"name": "Boleta Mixta Completa",
			"request": {
				"method": "POST",
				"header": [
					{
						"key": "Accept",
						"value": "application/json",
						"type": "text"
					},
					{
						"key": "Content-Type",
						"value": "application/json",
						"type": "text"
					},
					{
						"key": "Authorization",
						"value": "Bearer {{access_token}}",
						"type": "text"
					}
				],
				"body": {
					"mode": "raw",
					"raw": "{\n    \"scenario\": \"Boleta Mixta Completa\",\n    \"company_id\": 1,\n    \"branch_id\": 1,\n    \"serie\": \"B001\",\n    \"fecha_emision\": \"2025-10-16\",\n    \"moneda\": \"PEN\",\n    \"tipo_operacion\": \"0101\",\n    \"metodo_envio\": \"resumen_diario\",\n    \"forma_pago_tipo\": \"Contado\",\n    \"client\": {\n      \"tipo_documento\": \"1\",\n      \"numero_documento\": \"66778899\",\n      \"razon_social\": \"Empresa Mixta SAC\",\n      \"direccion\": \"Av. Completa 777, San Miguel\",\n      \"telefono\": \"01-6677889\",\n      \"email\": \"empresa.mixta@email.com\"\n    },\n    \"detalles\": [\n      {\n        \"codigo\": \"GRAV001\",\n        \"descripcion\": \"Producto Gravado\",\n        \"unidad\": \"NIU\",\n        \"cantidad\": 2,\n        \"mto_valor_unitario\": 100.00,\n        \"porcentaje_igv\": 18,\n        \"tip_afe_igv\": \"10\"\n      },\n      {\n        \"codigo\": \"EXON001\",\n        \"descripcion\": \"Producto Exonerado\",\n        \"unidad\": \"NIU\",\n        \"cantidad\": 3,\n        \"mto_valor_unitario\": 50.00,\n        \"porcentaje_igv\": 0,\n        \"tip_afe_igv\": \"20\"\n      },\n      {\n        \"codigo\": \"INAF001\",\n        \"descripcion\": \"Producto Inafecto\",\n        \"unidad\": \"NIU\",\n        \"cantidad\": 1,\n        \"mto_valor_unitario\": 80.00,\n        \"porcentaje_igv\": 0,\n        \"tip_afe_igv\": \"30\"\n      },\n      {\n        \"codigo\": \"GRAT001\",\n        \"descripcion\": \"Producto Gratuito\",\n        \"unidad\": \"NIU\",\n        \"cantidad\": 1,\n        \"mto_valor_unitario\": 0.00,\n        \"mto_valor_gratuito\": 25.00,\n        \"porcentaje_igv\": 18,\n        \"tip_afe_igv\": \"11\"\n      }\n    ],\n    \"usuario_creacion\": \"vendedor09\"\n  }",
					"options": {
						"raw": {
							"language": "json"
						}
					}
				},
				"url": {
					"raw": "{{base_url}}/api/v1/boletas/21/send-sunat",
					"host": [
						"{{base_url}}"
					],
					"path": [
						"api",
						"v1",
						"boletas",
						"21",
						"send-sunat"
					]
				}
			},
			"response": []
		},
		{
			"name": "Generar PDF A4",
			"request": {
				"method": "POST",
				"header": [
					{
						"key": "Accept",
						"value": "application/json",
						"type": "text"
					},
					{
						"key": "Content-Type",
						"value": "application/json",
						"type": "text"
					},
					{
						"key": "Authorization",
						"value": "Bearer {{access_token}}",
						"type": "text"
					}
				],
				"body": {
					"mode": "raw",
					"raw": "{\n  \"format\": \"A4\"\n}",
					"options": {
						"raw": {
							"language": "json"
						}
					}
				},
				"url": {
					"raw": "{{base_url}}/api/v1/boletas/{{id}}/generate-pdf",
					"host": [
						"{{base_url}}"
					],
					"path": [
						"api",
						"v1",
						"boletas",
						"{{id}}",
						"generate-pdf"
					]
				}
			},
			"response": []
		},
		{
			"name": "Generar PDF Ticket 80mm",
			"request": {
				"method": "POST",
				"header": [
					{
						"key": "Accept",
						"value": "application/json",
						"type": "text"
					},
					{
						"key": "Content-Type",
						"value": "application/json",
						"type": "text"
					},
					{
						"key": "Authorization",
						"value": "Bearer {{access_token}}",
						"type": "text"
					}
				],
				"body": {
					"mode": "raw",
					"raw": "{\n  \"format\": \"80mm\"\n}",
					"options": {
						"raw": {
							"language": "json"
						}
					}
				},
				"url": {
					"raw": "{{base_url}}/api/v1/boletas/{{boletaId}}/generate-pdf",
					"host": [
						"{{base_url}}"
					],
					"path": [
						"api",
						"v1",
						"boletas",
						"{{boletaId}}",
						"generate-pdf"
					]
				}
			},
			"response": []
		},
		{
			"name": "Descargar PDF",
			"request": {
				"method": "GET",
				"header": [
					{
						"key": "Accept",
						"value": "application/json",
						"type": "text"
					},
					{
						"key": "Content-Type",
						"value": "application/json",
						"type": "text"
					},
					{
						"key": "Authorization",
						"value": "Bearer {{access_token}}",
						"type": "text"
					}
				],
				"url": {
					"raw": "{{base_url}}/api/v1/boletas/{{id}}/download-pdf?format=50mm",
					"host": [
						"{{base_url}}"
					],
					"path": [
						"api",
						"v1",
						"boletas",
						"{{id}}",
						"download-pdf"
					],
					"query": [
						{
							"key": "format",
							"value": "50mm"
						}
					]
				}
			},
			"response": []
		},
		{
			"name": "Crear Resumen Diario",
			"request": {
				"method": "POST",
				"header": [
					{
						"key": "Accept",
						"value": "application/json",
						"type": "text"
					},
					{
						"key": "Content-Type",
						"value": "application/json",
						"type": "text"
					},
					{
						"key": "Authorization",
						"value": "Bearer {{access_token}}",
						"type": "text"
					}
				],
				"body": {
					"mode": "raw",
					"raw": " {\n    \"company_id\": 2,\n    \"branch_id\": 2,\n    \"fecha_resumen\": \"2025-10-16\"\n  }",
					"options": {
						"raw": {
							"language": "json"
						}
					}
				},
				"url": {
					"raw": "{{base_url}}/api/v1/boletas/create-daily-summary",
					"host": [
						"{{base_url}}"
					],
					"path": [
						"api",
						"v1",
						"boletas",
						"create-daily-summary"
					]
				}
			},
			"response": []
		},
		{
			"name": "Enviar Resumen a SUNAT",
			"request": {
				"method": "POST",
				"header": [
					{
						"key": "Accept",
						"value": "application/json",
						"type": "text"
					},
					{
						"key": "Authorization",
						"value": "Bearer {{access_token}}",
						"type": "text"
					},
					{
						"key": "Content-Type",
						"value": "application/json",
						"type": "text"
					}
				],
				"url": {
					"raw": "{{base_url}}/api/v1/daily-summaries/4/send-sunat",
					"host": [
						"{{base_url}}"
					],
					"path": [
						"api",
						"v1",
						"daily-summaries",
						"4",
						"send-sunat"
					]
				}
			},
			"response": []
		},
		{
			"name": "Verificar Estado Resumen",
			"request": {
				"method": "POST",
				"header": [
					{
						"key": "Accept",
						"value": "application/json",
						"type": "text"
					},
					{
						"key": "Content-Type",
						"value": "application/json",
						"type": "text"
					},
					{
						"key": "Authorization",
						"value": "Bearer {{access_token}}",
						"type": "text"
					}
				],
				"url": {
					"raw": "{{base_url}}/api/v1/daily-summaries/4/check-status",
					"host": [
						"{{base_url}}"
					],
					"path": [
						"api",
						"v1",
						"daily-summaries",
						"4",
						"check-status"
					]
				}
			},
			"response": []
		},
		{
			"name": "Listar Boletas",
			"request": {
				"method": "GET",
				"header": [
					{
						"key": "Accept",
						"value": "application/json",
						"type": "text"
					},
					{
						"key": "Content-Type",
						"value": "application/json",
						"type": "text"
					},
					{
						"key": "Authorization",
						"value": "Bearer {{access_token}}",
						"type": "text"
					}
				],
				"url": {
					"raw": "{{base_url}}/api/v1/boletas?company_id=1&branch_id=1&per_page=20",
					"host": [
						"{{base_url}}"
					],
					"path": [
						"api",
						"v1",
						"boletas"
					],
					"query": [
						{
							"key": "company_id",
							"value": "1"
						},
						{
							"key": "branch_id",
							"value": "1"
						},
						{
							"key": "per_page",
							"value": "20"
						}
					]
				}
			},
			"response": []
		},
		{
			"name": "Ver Formatos PDF Disponibles",
			"request": {
				"method": "GET",
				"header": [
					{
						"key": "Accept",
						"value": "application/json",
						"type": "text"
					},
					{
						"key": "Content-Type",
						"value": "application/json",
						"type": "text"
					},
					{
						"key": "Authorization",
						"value": "Bearer {{access_token}}",
						"type": "text"
					}
				],
				"url": {
					"raw": "{{base_url}}/api/v1/pdf/formats",
					"host": [
						"{{base_url}}"
					],
					"path": [
						"api",
						"v1",
						"pdf",
						"formats"
					]
				}
			},
			"response": []
		}
	],
	"variable": [
		{
			"key": "boletaId",
			"value": "1",
			"type": "string"
		},
		{
			"key": "summaryId",
			"value": "1",
			"type": "string"
		},
		{
			"key": "base_url",
			"value": "",
			"type": "default"
		}
	]
}