{
	"info": {
		"_postman_id": "2e32dd82-832f-4582-bf33-6497b6ae9212",
		"name": "4. Notas de crédito ✅",
		"description": "Colección completa de ejemplos para notas de crédito basados en los ejemplos de Greenter - Incluye todos los 13 motivos y casos especiales",
		"schema": "https://schema.getpostman.com/json/collection/v2.1.0/collection.json",
		"_exporter_id": "20633485"
	},
	"item": [
		{
			"name": "1. Catálogos y Referencias ✅",
			"item": [
				{
					"name": "Obtener Motivos de Nota de Crédito",
					"protocolProfileBehavior": {
						"disableBodyPruning": true
					},
					"request": {
						"method": "GET",
						"header": [
							{
								"key": "Accept",
								"value": "application/json"
							},
							{
								"key": "Authorization",
								"value": "Bearer {{access_token}}",
								"type": "text"
							}
						],
						"body": {
							"mode": "raw",
							"raw": ""
						},
						"url": {
							"raw": "{{base_url}}/api/v1/credit-notes/catalogs/motivos",
							"host": [
								"{{base_url}}"
							],
							"path": [
								"api",
								"v1",
								"credit-notes",
								"catalogs",
								"motivos"
							]
						}
					},
					"response": []
				}
			]
		},
		{
			"name": "2. Ejemplos Básicos de Greenter ✅",
			"item": [
				{
					"name": "NC-GREENTER-001 - Nota Básica (nota-credito.php)",
					"event": [
						{
							"listen": "test",
							"script": {
								"exec": [
									"if (pm.response.code === 201) {",
									"    const response = pm.response.json();",
									"    pm.environment.set('credit_note_id', response.data.id);",
									"    pm.test('Nota de crédito creada correctamente', function () {",
									"        pm.expect(response.success).to.be.true;",
									"        pm.expect(response.data.tipo_doc_afectado).to.eql('01');",
									"        pm.expect(response.data.cod_motivo).to.eql('07');",
									"    });",
									"}"
								],
								"type": "text/javascript",
								"packages": {},
								"requests": {}
							}
						}
					],
					"request": {
						"method": "POST",
						"header": [
							{
								"key": "Content-Type",
								"value": "application/json"
							},
							{
								"key": "Authorization",
								"value": "Bearer {{access_token}}",
								"type": "text"
							}
						],
						"body": {
							"mode": "raw",
							"raw": "{\n  \"company_id\": 1,\n  \"branch_id\": 1,\n  \"serie\": \"FF01\",\n  \"fecha_emision\": \"2025-10-17\",\n  \"moneda\": \"PEN\",\n  \"tipo_doc_afectado\": \"01\",\n  \"num_doc_afectado\": \"F001-111\",\n  \"cod_motivo\": \"07\",\n  \"des_motivo\": \"DEVOLUCION POR ITEM\",\n  \"client\": {\n    \"tipo_documento\": \"6\",\n    \"numero_documento\": \"20123456789\",\n    \"razon_social\": \"EMPRESA DE PRUEBA SAC\",\n    \"direccion\": \"AV. EJEMPLO 123\",\n    \"ubigeo\": \"150101\",\n    \"distrito\": \"LIMA\",\n    \"provincia\": \"LIMA\",\n    \"departamento\": \"LIMA\"\n  },\n  \"guias\": [\n    {\n      \"tipo_doc\": \"09\",\n      \"nro_doc\": \"0001-213\"\n    }\n  ],\n  \"detalles\": [\n    {\n      \"codigo\": \"C023\",\n      \"descripcion\": \"PROD 1\",\n      \"unidad\": \"NIU\",\n      \"cantidad\": 2,\n      \"mto_valor_unitario\": 50.00,\n      \"porcentaje_igv\": 18.00,\n      \"tip_afe_igv\": \"10\"\n    },\n    {\n      \"codigo\": \"C02\",\n      \"descripcion\": \"PROD 2\",\n      \"unidad\": \"NIU\",\n      \"cantidad\": 2,\n      \"mto_valor_unitario\": 50.00,\n      \"porcentaje_igv\": 18.00,\n      \"tip_afe_igv\": \"10\"\n    }\n  ],\n  \"leyendas\": [\n    {\n      \"code\": \"1000\",\n      \"value\": \"SON DOSCIENTOS TREINTA Y SEIS CON 00/100 SOLES\"\n    }\n  ]\n}"
						},
						"url": {
							"raw": "{{base_url}}/api/v1/credit-notes",
							"host": [
								"{{base_url}}"
							],
							"path": [
								"api",
								"v1",
								"credit-notes"
							]
						}
					},
					"response": []
				},
				{
					"name": "NC-GREENTER-002 - Nota para Boleta (nota-credito-boleta.php)",
					"request": {
						"method": "POST",
						"header": [
							{
								"key": "Content-Type",
								"value": "application/json"
							},
							{
								"key": "Authorization",
								"value": "Bearer {{access_token}}",
								"type": "text"
							}
						],
						"body": {
							"mode": "raw",
							"raw": "{\n  \"company_id\": 1,\n  \"branch_id\": 1,\n  \"serie\": \"BB01\",\n  \"fecha_emision\": \"2025-10-17\",\n  \"moneda\": \"PEN\",\n  \"tipo_doc_afectado\": \"03\",\n  \"num_doc_afectado\": \"B001-12\",\n  \"cod_motivo\": \"01\",\n  \"des_motivo\": \"ANULACION DE LA OPERACION\",\n  \"client\": {\n    \"tipo_documento\": \"1\",\n    \"numero_documento\": \"12345678\",\n    \"razon_social\": \"CLIENTE NATURAL\"\n  },\n  \"detalles\": [\n    {\n      \"codigo\": \"C023\",\n      \"descripcion\": \"PROD 1\",\n      \"unidad\": \"NIU\",\n      \"cantidad\": 2,\n      \"mto_valor_unitario\": 50.00,\n      \"porcentaje_igv\": 18.00,\n      \"tip_afe_igv\": \"10\"\n    },\n    {\n      \"codigo\": \"C02\",\n      \"descripcion\": \"PROD 2\",\n      \"unidad\": \"NIU\",\n      \"cantidad\": 2,\n      \"mto_valor_unitario\": 50.00,\n      \"porcentaje_igv\": 18.00,\n      \"tip_afe_igv\": \"10\"\n    }\n  ]\n}"
						},
						"url": {
							"raw": "{{base_url}}/api/v1/credit-notes",
							"host": [
								"{{base_url}}"
							],
							"path": [
								"api",
								"v1",
								"credit-notes"
							]
						}
					},
					"response": []
				},
				{
					"name": "NC-GREENTER-003 - Forma de Pago Crédito (nota-credito-forma-pago.php)",
					"request": {
						"method": "POST",
						"header": [
							{
								"key": "Content-Type",
								"value": "application/json"
							},
							{
								"key": "Authorization",
								"value": "Bearer {{access_token}}",
								"type": "text"
							},
							{
								"key": "Accept",
								"value": "application/json",
								"type": "text"
							}
						],
						"body": {
							"mode": "raw",
							"raw": " {\n    \"company_id\": 1,\n    \"branch_id\": 1,\n    \"tipo_documento\": \"07\",\n    \"serie\": \"FF01\",\n    \"fecha_emision\": \"2025-10-17\",\n    \"moneda\": \"PEN\",\n    \"forma_pago_tipo\": \"Credito\",\n    \"forma_pago_cuotas\": [\n      {\n        \"monto\": 118.00,\n        \"fecha_pago\": \"2025-11-17\"\n      },\n      {\n        \"monto\": 118.00,\n        \"fecha_pago\": \"2025-12-17\"\n      }\n    ],\n    \"tipo_doc_afectado\": \"01\",\n    \"num_doc_afectado\": \"F001-111\",\n    \"cod_motivo\": \"13\",\n    \"des_motivo\": \"AJUSTES - MONTOS Y/O FECHAS DE PAGO\",\n    \"client\": {\n      \"tipo_documento\": \"6\",\n      \"numero_documento\": \"20123456789\",\n      \"razon_social\": \"EMPRESA DE PRUEBA SAC\"\n    },\n    \"detalles\": [\n      {\n        \"codigo\": \"C023\",\n        \"descripcion\": \"PROD 1\",\n        \"unidad\": \"NIU\",\n        \"cantidad\": 2,\n        \"mto_valor_unitario\": 50.00,\n        \"porcentaje_igv\": 18,\n        \"tip_afe_igv\": \"10\"\n      }\n    ]\n  }"
						},
						"url": {
							"raw": "{{base_url}}/api/v1/credit-notes",
							"host": [
								"{{base_url}}"
							],
							"path": [
								"api",
								"v1",
								"credit-notes"
							]
						}
					},
					"response": []
				}
			]
		},
		{
			"name": "3. Todos los Motivos (01-13) ✅",
			"item": [
				{
					"name": "NC-MOTIVO-01 - Anulación de Operación",
					"request": {
						"method": "POST",
						"header": [
							{
								"key": "Content-Type",
								"value": "application/json"
							},
							{
								"key": "Authorization",
								"value": "Bearer {{access_token}}",
								"type": "text"
							}
						],
						"body": {
							"mode": "raw",
							"raw": "{\n  \"company_id\": 1,\n  \"branch_id\": 1,\n  \"serie\": \"FF01\",\n  \"fecha_emision\": \"2025-09-06\",\n  \"moneda\": \"PEN\",\n  \"tipo_doc_afectado\": \"01\",\n  \"num_doc_afectado\": \"F001-000001\",\n  \"cod_motivo\": \"01\",\n  \"des_motivo\": \"ANULACION DE LA OPERACION\",\n  \"client\": {\n    \"tipo_documento\": \"6\",\n    \"numero_documento\": \"20123456789\",\n    \"razon_social\": \"EMPRESA DE PRUEBA SAC\"\n  },\n  \"detalles\": [\n    {\n      \"codigo\": \"ANULADO\",\n      \"descripcion\": \"OPERACION ANULADA COMPLETAMENTE\",\n      \"unidad\": \"NIU\",\n      \"cantidad\": 1,\n      \"mto_valor_unitario\": 100.00,\n      \"porcentaje_igv\": 18.00,\n      \"tip_afe_igv\": \"10\"\n    }\n  ]\n}"
						},
						"url": {
							"raw": "{{base_url}}/api/v1/credit-notes",
							"host": [
								"{{base_url}}"
							],
							"path": [
								"api",
								"v1",
								"credit-notes"
							]
						}
					},
					"response": []
				},
				{
					"name": "NC-MOTIVO-02 - Error en RUC",
					"request": {
						"method": "POST",
						"header": [
							{
								"key": "Content-Type",
								"value": "application/json"
							},
							{
								"key": "Authorization",
								"value": "Bearer {{access_token}}",
								"type": "text"
							}
						],
						"body": {
							"mode": "raw",
							"raw": "{\n  \"company_id\": 1,\n  \"branch_id\": 1,\n  \"serie\": \"FF01\",\n  \"fecha_emision\": \"2025-09-06\",\n  \"moneda\": \"PEN\",\n  \"tipo_doc_afectado\": \"01\",\n  \"num_doc_afectado\": \"F001-000002\",\n  \"cod_motivo\": \"02\",\n  \"des_motivo\": \"ANULACION POR ERROR EN EL RUC\",\n  \"client\": {\n    \"tipo_documento\": \"6\",\n    \"numero_documento\": \"20123456789\",\n    \"razon_social\": \"EMPRESA DE PRUEBA SAC\"\n  },\n  \"detalles\": [\n    {\n      \"codigo\": \"CORR-RUC\",\n      \"descripcion\": \"CORRECCION POR RUC INCORRECTO\",\n      \"unidad\": \"NIU\",\n      \"cantidad\": 1,\n      \"mto_valor_unitario\": 100.00,\n      \"porcentaje_igv\": 18.00,\n      \"tip_afe_igv\": \"10\"\n    }\n  ]\n}"
						},
						"url": {
							"raw": "{{base_url}}/api/v1/credit-notes",
							"host": [
								"{{base_url}}"
							],
							"path": [
								"api",
								"v1",
								"credit-notes"
							]
						}
					},
					"response": []
				},
				{
					"name": "NC-MOTIVO-03 - Error en Descripción",
					"request": {
						"method": "POST",
						"header": [
							{
								"key": "Content-Type",
								"value": "application/json"
							},
							{
								"key": "Authorization",
								"value": "Bearer {{access_token}}",
								"type": "text"
							}
						],
						"body": {
							"mode": "raw",
							"raw": "{\n  \"company_id\": 1,\n  \"branch_id\": 1,\n  \"serie\": \"FF01\",\n  \"fecha_emision\": \"2025-09-06\",\n  \"moneda\": \"PEN\",\n  \"tipo_doc_afectado\": \"01\",\n  \"num_doc_afectado\": \"F001-000003\",\n  \"cod_motivo\": \"03\",\n  \"des_motivo\": \"CORRECCION POR ERROR EN LA DESCRIPCION\",\n  \"client\": {\n    \"tipo_documento\": \"6\",\n    \"numero_documento\": \"20123456789\",\n    \"razon_social\": \"EMPRESA DE PRUEBA SAC\"\n  },\n  \"detalles\": [\n    {\n      \"codigo\": \"PROD001\",\n      \"descripcion\": \"DESCRIPCION CORREGIDA DEL PRODUCTO\",\n      \"unidad\": \"NIU\",\n      \"cantidad\": 1,\n      \"mto_valor_unitario\": 50.00,\n      \"porcentaje_igv\": 18.00,\n      \"tip_afe_igv\": \"10\"\n    }\n  ]\n}"
						},
						"url": {
							"raw": "{{base_url}}/api/v1/credit-notes",
							"host": [
								"{{base_url}}"
							],
							"path": [
								"api",
								"v1",
								"credit-notes"
							]
						}
					},
					"response": []
				},
				{
					"name": "NC-MOTIVO-04 - Descuento Global",
					"request": {
						"method": "POST",
						"header": [
							{
								"key": "Content-Type",
								"value": "application/json"
							},
							{
								"key": "Authorization",
								"value": "Bearer {{access_token}}",
								"type": "text"
							}
						],
						"body": {
							"mode": "raw",
							"raw": "{\n  \"company_id\": 1,\n  \"branch_id\": 1,\n  \"serie\": \"FF01\",\n  \"fecha_emision\": \"2025-09-06\",\n  \"moneda\": \"PEN\",\n  \"tipo_doc_afectado\": \"01\",\n  \"num_doc_afectado\": \"F001-000004\",\n  \"cod_motivo\": \"04\",\n  \"des_motivo\": \"DESCUENTO GLOBAL\",\n  \"client\": {\n    \"tipo_documento\": \"6\",\n    \"numero_documento\": \"20123456789\",\n    \"razon_social\": \"EMPRESA DE PRUEBA SAC\"\n  },\n  \"detalles\": [\n    {\n      \"codigo\": \"DESC-GLOBAL\",\n      \"descripcion\": \"DESCUENTO APLICADO GLOBALMENTE\",\n      \"unidad\": \"NIU\",\n      \"cantidad\": 1,\n      \"mto_valor_unitario\": 20.00,\n      \"porcentaje_igv\": 18.00,\n      \"tip_afe_igv\": \"10\"\n    }\n  ]\n}"
						},
						"url": {
							"raw": "{{base_url}}/api/v1/credit-notes",
							"host": [
								"{{base_url}}"
							],
							"path": [
								"api",
								"v1",
								"credit-notes"
							]
						}
					},
					"response": []
				},
				{
					"name": "NC-MOTIVO-05 - Descuento por Ítem",
					"request": {
						"method": "POST",
						"header": [
							{
								"key": "Content-Type",
								"value": "application/json"
							},
							{
								"key": "Authorization",
								"value": "Bearer {{access_token}}",
								"type": "text"
							}
						],
						"body": {
							"mode": "raw",
							"raw": "{\n  \"company_id\": 1,\n  \"branch_id\": 1,\n  \"serie\": \"FF01\",\n  \"fecha_emision\": \"2025-09-06\",\n  \"moneda\": \"PEN\",\n  \"tipo_doc_afectado\": \"01\",\n  \"num_doc_afectado\": \"F001-000005\",\n  \"cod_motivo\": \"05\",\n  \"des_motivo\": \"DESCUENTO POR ITEM\",\n  \"client\": {\n    \"tipo_documento\": \"6\",\n    \"numero_documento\": \"20123456789\",\n    \"razon_social\": \"EMPRESA DE PRUEBA SAC\"\n  },\n  \"detalles\": [\n    {\n      \"codigo\": \"PROD001\",\n      \"descripcion\": \"DESCUENTO EN PRODUCTO ESPECIFICO\",\n      \"unidad\": \"NIU\",\n      \"cantidad\": 1,\n      \"mto_valor_unitario\": 15.00,\n      \"porcentaje_igv\": 18.00,\n      \"tip_afe_igv\": \"10\"\n    }\n  ]\n}"
						},
						"url": {
							"raw": "{{base_url}}/api/v1/credit-notes",
							"host": [
								"{{base_url}}"
							],
							"path": [
								"api",
								"v1",
								"credit-notes"
							]
						}
					},
					"response": []
				},
				{
					"name": "NC-MOTIVO-06 - Devolución Total",
					"request": {
						"method": "POST",
						"header": [
							{
								"key": "Content-Type",
								"value": "application/json"
							},
							{
								"key": "Authorization",
								"value": "Bearer {{access_token}}",
								"type": "text"
							}
						],
						"body": {
							"mode": "raw",
							"raw": "{\n  \"company_id\": 1,\n  \"branch_id\": 1,\n  \"serie\": \"FF01\",\n  \"fecha_emision\": \"2025-09-06\",\n  \"moneda\": \"PEN\",\n  \"tipo_doc_afectado\": \"01\",\n  \"num_doc_afectado\": \"F001-000006\",\n  \"cod_motivo\": \"06\",\n  \"des_motivo\": \"DEVOLUCION TOTAL\",\n  \"client\": {\n    \"tipo_documento\": \"6\",\n    \"numero_documento\": \"20123456789\",\n    \"razon_social\": \"EMPRESA DE PRUEBA SAC\"\n  },\n  \"guias\": [\n    {\n      \"tipo_doc\": \"09\",\n      \"nro_doc\": \"G001-001\"\n    },\n    {\n      \"tipo_doc\": \"09\",\n      \"nro_doc\": \"G001-002\"\n    }\n  ],\n  \"detalles\": [\n    {\n      \"codigo\": \"DEVUELTO\",\n      \"descripcion\": \"PRODUCTO DEVUELTO COMPLETAMENTE\",\n      \"unidad\": \"NIU\",\n      \"cantidad\": 3,\n      \"mto_valor_unitario\": 33.33,\n      \"porcentaje_igv\": 18.00,\n      \"tip_afe_igv\": \"10\"\n    }\n  ]\n}"
						},
						"url": {
							"raw": "{{base_url}}/api/v1/credit-notes",
							"host": [
								"{{base_url}}"
							],
							"path": [
								"api",
								"v1",
								"credit-notes"
							]
						}
					},
					"response": []
				},
				{
					"name": "NC-MOTIVO-07 - Devolución por Ítem",
					"request": {
						"method": "POST",
						"header": [
							{
								"key": "Content-Type",
								"value": "application/json"
							},
							{
								"key": "Authorization",
								"value": "Bearer {{access_token}}",
								"type": "text"
							}
						],
						"body": {
							"mode": "raw",
							"raw": "{\n  \"company_id\": 1,\n  \"branch_id\": 1,\n  \"serie\": \"FF01\",\n  \"fecha_emision\": \"2025-09-06\",\n  \"moneda\": \"PEN\",\n  \"tipo_doc_afectado\": \"01\",\n  \"num_doc_afectado\": \"F001-000007\",\n  \"cod_motivo\": \"07\",\n  \"des_motivo\": \"DEVOLUCION POR ITEM\",\n  \"client\": {\n    \"tipo_documento\": \"6\",\n    \"numero_documento\": \"20123456789\",\n    \"razon_social\": \"EMPRESA DE PRUEBA SAC\"\n  },\n  \"guias\": [\n    {\n      \"tipo_doc\": \"09\",\n      \"nro_doc\": \"0001-213\"\n    }\n  ],\n  \"detalles\": [\n    {\n      \"codigo\": \"C023\",\n      \"descripcion\": \"PROD 1 DEVUELTO\",\n      \"unidad\": \"NIU\",\n      \"cantidad\": 1,\n      \"mto_valor_unitario\": 50.00,\n      \"porcentaje_igv\": 18.00,\n      \"tip_afe_igv\": \"10\"\n    }\n  ]\n}"
						},
						"url": {
							"raw": "{{base_url}}/api/v1/credit-notes",
							"host": [
								"{{base_url}}"
							],
							"path": [
								"api",
								"v1",
								"credit-notes"
							]
						}
					},
					"response": []
				},
				{
					"name": "NC-MOTIVO-08 - Bonificación",
					"request": {
						"method": "POST",
						"header": [
							{
								"key": "Content-Type",
								"value": "application/json"
							},
							{
								"key": "Authorization",
								"value": "Bearer {{access_token}}",
								"type": "text"
							}
						],
						"body": {
							"mode": "raw",
							"raw": "{\n  \"company_id\": 1,\n  \"branch_id\": 1,\n  \"serie\": \"FF01\",\n  \"fecha_emision\": \"2025-09-06\",\n  \"moneda\": \"PEN\",\n  \"tipo_doc_afectado\": \"01\",\n  \"num_doc_afectado\": \"F001-000008\",\n  \"cod_motivo\": \"08\",\n  \"des_motivo\": \"BONIFICACION\",\n  \"client\": {\n    \"tipo_documento\": \"6\",\n    \"numero_documento\": \"20123456789\",\n    \"razon_social\": \"EMPRESA DE PRUEBA SAC\"\n  },\n  \"detalles\": [\n    {\n      \"codigo\": \"BONUS\",\n      \"descripcion\": \"BONIFICACION AL CLIENTE\",\n      \"unidad\": \"NIU\",\n      \"cantidad\": 1,\n      \"mto_valor_unitario\": 25.00,\n      \"porcentaje_igv\": 18.00,\n      \"tip_afe_igv\": \"10\"\n    }\n  ]\n}"
						},
						"url": {
							"raw": "{{base_url}}/api/v1/credit-notes",
							"host": [
								"{{base_url}}"
							],
							"path": [
								"api",
								"v1",
								"credit-notes"
							]
						}
					},
					"response": []
				},
				{
					"name": "NC-MOTIVO-09 - Disminución en el Valor",
					"request": {
						"method": "POST",
						"header": [
							{
								"key": "Content-Type",
								"value": "application/json"
							},
							{
								"key": "Authorization",
								"value": "Bearer {{access_token}}",
								"type": "text"
							}
						],
						"body": {
							"mode": "raw",
							"raw": "{\n  \"company_id\": 1,\n  \"branch_id\": 1,\n  \"serie\": \"FF01\",\n  \"fecha_emision\": \"2025-09-06\",\n  \"moneda\": \"PEN\",\n  \"tipo_doc_afectado\": \"01\",\n  \"num_doc_afectado\": \"F001-000009\",\n  \"cod_motivo\": \"09\",\n  \"des_motivo\": \"DISMINUCION EN EL VALOR\",\n  \"client\": {\n    \"tipo_documento\": \"6\",\n    \"numero_documento\": \"20123456789\",\n    \"razon_social\": \"EMPRESA DE PRUEBA SAC\"\n  },\n  \"detalles\": [\n    {\n      \"codigo\": \"ADJUST\",\n      \"descripcion\": \"AJUSTE DE VALOR POR CALIDAD\",\n      \"unidad\": \"NIU\",\n      \"cantidad\": 1,\n      \"mto_valor_unitario\": 10.00,\n      \"porcentaje_igv\": 18.00,\n      \"tip_afe_igv\": \"10\"\n    }\n  ]\n}"
						},
						"url": {
							"raw": "{{base_url}}/api/v1/credit-notes",
							"host": [
								"{{base_url}}"
							],
							"path": [
								"api",
								"v1",
								"credit-notes"
							]
						}
					},
					"response": []
				},
				{
					"name": "NC-MOTIVO-10 - Otros Conceptos",
					"request": {
						"method": "POST",
						"header": [
							{
								"key": "Content-Type",
								"value": "application/json"
							},
							{
								"key": "Authorization",
								"value": "Bearer {{access_token}}",
								"type": "text"
							}
						],
						"body": {
							"mode": "raw",
							"raw": "{\n  \"company_id\": 1,\n  \"branch_id\": 1,\n  \"serie\": \"FF01\",\n  \"fecha_emision\": \"2025-09-06\",\n  \"moneda\": \"PEN\",\n  \"tipo_doc_afectado\": \"01\",\n  \"num_doc_afectado\": \"F001-000010\",\n  \"cod_motivo\": \"10\",\n  \"des_motivo\": \"OTROS CONCEPTOS\",\n  \"client\": {\n    \"tipo_documento\": \"6\",\n    \"numero_documento\": \"20123456789\",\n    \"razon_social\": \"EMPRESA DE PRUEBA SAC\"\n  },\n  \"detalles\": [\n    {\n      \"codigo\": \"OTHER\",\n      \"descripcion\": \"CONCEPTO ESPECIAL DE AJUSTE\",\n      \"unidad\": \"NIU\",\n      \"cantidad\": 1,\n      \"mto_valor_unitario\": 30.00,\n      \"porcentaje_igv\": 18.00,\n      \"tip_afe_igv\": \"10\"\n    }\n  ]\n}"
						},
						"url": {
							"raw": "{{base_url}}/api/v1/credit-notes",
							"host": [
								"{{base_url}}"
							],
							"path": [
								"api",
								"v1",
								"credit-notes"
							]
						}
					},
					"response": []
				},
				{
					"name": "NC-MOTIVO-11 - Ajustes Exportación 😕",
					"request": {
						"method": "POST",
						"header": [
							{
								"key": "Content-Type",
								"value": "application/json"
							},
							{
								"key": "Authorization",
								"value": "Bearer {{access_token}}",
								"type": "text"
							}
						],
						"body": {
							"mode": "raw",
							"raw": "{\n  \"company_id\": 1,\n  \"branch_id\": 1,\n  \"serie\": \"FF01\",\n  \"fecha_emision\": \"2025-09-06\",\n  \"moneda\": \"USD\",\n  \"tipo_doc_afectado\": \"01\",\n  \"num_doc_afectado\": \"F001-000011\",\n  \"cod_motivo\": \"11\",\n  \"des_motivo\": \"AJUSTES DE OPERACIONES DE EXPORTACION\",\n  \"client\": {\n    \"tipo_documento\": \"6\",\n    \"numero_documento\": \"20123456789\",\n    \"razon_social\": \"EMPRESA DE PRUEBA SAC\",\n    \"pais\": \"US\"\n  },\n  \"detalles\": [\n    {\n      \"codigo\": \"EXP001\",\n      \"descripcion\": \"PRODUCTO DE EXPORTACION AJUSTADO\",\n      \"unidad\": \"NIU\",\n      \"cantidad\": 10,\n      \"mto_valor_unitario\": 15.00,\n      \"porcentaje_igv\": 0.00,\n      \"tip_afe_igv\": \"40\"\n    }\n  ]\n}"
						},
						"url": {
							"raw": "{{base_url}}/api/v1/credit-notes",
							"host": [
								"{{base_url}}"
							],
							"path": [
								"api",
								"v1",
								"credit-notes"
							]
						}
					},
					"response": []
				},
				{
					"name": "NC-MOTIVO-12 - Ajustes IVAP 😕",
					"request": {
						"method": "POST",
						"header": [
							{
								"key": "Content-Type",
								"value": "application/json"
							},
							{
								"key": "Authorization",
								"value": "Bearer {{access_token}}",
								"type": "text"
							}
						],
						"body": {
							"mode": "raw",
							"raw": "{\n  \"company_id\": 1,\n  \"branch_id\": 1,\n  \"serie\": \"FF01\",\n  \"fecha_emision\": \"2025-09-06\",\n  \"moneda\": \"PEN\",\n  \"tipo_doc_afectado\": \"01\",\n  \"num_doc_afectado\": \"F001-000012\",\n  \"cod_motivo\": \"12\",\n  \"des_motivo\": \"AJUSTES AFECTOS AL IVAP\",\n  \"client\": {\n    \"tipo_documento\": \"6\",\n    \"numero_documento\": \"20123456789\",\n    \"razon_social\": \"EMPRESA DE PRUEBA SAC\"\n  },\n  \"detalles\": [\n    {\n      \"codigo\": \"IVAP001\",\n      \"descripcion\": \"AJUSTE PARA OPERACION IVAP\",\n      \"unidad\": \"NIU\",\n      \"cantidad\": 1,\n      \"mto_valor_unitario\": 100.00,\n      \"porcentaje_igv\": 2.00,\n      \"tip_afe_igv\": \"17\"\n    }\n  ]\n}"
						},
						"url": {
							"raw": "{{base_url}}/api/v1/credit-notes",
							"host": [
								"{{base_url}}"
							],
							"path": [
								"api",
								"v1",
								"credit-notes"
							]
						}
					},
					"response": []
				},
				{
					"name": "NC-MOTIVO-13 - Ajustes Fechas de Pago",
					"request": {
						"method": "POST",
						"header": [
							{
								"key": "Content-Type",
								"value": "application/json"
							},
							{
								"key": "Authorization",
								"value": "Bearer {{access_token}}",
								"type": "text"
							}
						],
						"body": {
							"mode": "raw",
							"raw": "{\n  \"company_id\": 1,\n  \"branch_id\": 1,\n  \"serie\": \"FF01\",\n  \"fecha_emision\": \"2025-09-06\",\n  \"moneda\": \"PEN\",\n  \"forma_pago_tipo\": \"Credito\",\n  \"forma_pago_cuotas\": [\n    {\n      \"monto\": 59.00,\n      \"fecha_pago\": \"2025-10-06\"\n    },\n    {\n      \"monto\": 59.00,\n      \"fecha_pago\": \"2025-11-06\"\n    }\n  ],\n  \"tipo_doc_afectado\": \"01\",\n  \"num_doc_afectado\": \"F001-000013\",\n  \"cod_motivo\": \"13\",\n  \"des_motivo\": \"AJUSTES - MONTOS Y/O FECHAS DE PAGO\",\n  \"client\": {\n    \"tipo_documento\": \"6\",\n    \"numero_documento\": \"20123456789\",\n    \"razon_social\": \"EMPRESA DE PRUEBA SAC\"\n  },\n  \"detalles\": [\n    {\n      \"codigo\": \"AJUSTE-PAGO\",\n      \"descripcion\": \"AJUSTE EN FECHAS Y MONTOS DE PAGO\",\n      \"unidad\": \"NIU\",\n      \"cantidad\": 2,\n      \"mto_valor_unitario\": 25.00,\n      \"porcentaje_igv\": 18.00,\n      \"tip_afe_igv\": \"10\"\n    }\n  ]\n}"
						},
						"url": {
							"raw": "{{base_url}}/api/v1/credit-notes",
							"host": [
								"{{base_url}}"
							],
							"path": [
								"api",
								"v1",
								"credit-notes"
							]
						}
					},
					"response": []
				}
			]
		},
		{
			"name": "4. Casos Especiales y Avanzados ✅",
			"item": [
				{
					"name": "NC-ESP-001 - Operaciones Exoneradas",
					"request": {
						"method": "POST",
						"header": [
							{
								"key": "Content-Type",
								"value": "application/json"
							},
							{
								"key": "Authorization",
								"value": "Bearer {{access_token}}",
								"type": "text"
							}
						],
						"body": {
							"mode": "raw",
							"raw": "{\n  \"company_id\": 1,\n  \"branch_id\": 1,\n  \"serie\": \"FF01\",\n  \"fecha_emision\": \"2025-09-06\",\n  \"moneda\": \"PEN\",\n  \"tipo_doc_afectado\": \"01\",\n  \"num_doc_afectado\": \"F001-000001\",\n  \"cod_motivo\": \"07\",\n  \"des_motivo\": \"DEVOLUCION POR ITEM - OPERACION EXONERADA\",\n  \"client\": {\n    \"tipo_documento\": \"6\",\n    \"numero_documento\": \"20123456789\",\n    \"razon_social\": \"EMPRESA DE PRUEBA SAC\"\n  },\n  \"detalles\": [\n    {\n      \"codigo\": \"EXON001\",\n      \"descripcion\": \"PRODUCTO EXONERADO DEVUELTO\",\n      \"unidad\": \"NIU\",\n      \"cantidad\": 5,\n      \"mto_valor_unitario\": 20.00,\n      \"porcentaje_igv\": 0.00,\n      \"tip_afe_igv\": \"20\"\n    }\n  ]\n}"
						},
						"url": {
							"raw": "{{base_url}}/api/v1/credit-notes",
							"host": [
								"{{base_url}}"
							],
							"path": [
								"api",
								"v1",
								"credit-notes"
							]
						}
					},
					"response": []
				},
				{
					"name": "NC-ESP-002 - Operaciones Inafectas",
					"request": {
						"method": "POST",
						"header": [
							{
								"key": "Content-Type",
								"value": "application/json"
							},
							{
								"key": "Authorization",
								"value": "Bearer {{access_token}}",
								"type": "text"
							}
						],
						"body": {
							"mode": "raw",
							"raw": "{\n  \"company_id\": 1,\n  \"branch_id\": 1,\n  \"serie\": \"FF01\",\n  \"fecha_emision\": \"2025-09-06\",\n  \"moneda\": \"PEN\",\n  \"tipo_doc_afectado\": \"01\",\n  \"num_doc_afectado\": \"F001-000001\",\n  \"cod_motivo\": \"07\",\n  \"des_motivo\": \"DEVOLUCION POR ITEM - OPERACION INAFECTA\",\n  \"client\": {\n    \"tipo_documento\": \"6\",\n    \"numero_documento\": \"20123456789\",\n    \"razon_social\": \"EMPRESA DE PRUEBA SAC\"\n  },\n  \"detalles\": [\n    {\n      \"codigo\": \"INAF001\",\n      \"descripcion\": \"PRODUCTO INAFECTO DEVUELTO\",\n      \"unidad\": \"NIU\",\n      \"cantidad\": 3,\n      \"mto_valor_unitario\": 25.00,\n      \"porcentaje_igv\": 0.00,\n      \"tip_afe_igv\": \"30\"\n    }\n  ]\n}"
						},
						"url": {
							"raw": "{{base_url}}/api/v1/credit-notes",
							"host": [
								"{{base_url}}"
							],
							"path": [
								"api",
								"v1",
								"credit-notes"
							]
						}
					},
					"response": []
				},
				{
					"name": "NC-ESP-003 - Con ISC e ICBPER",
					"request": {
						"method": "POST",
						"header": [
							{
								"key": "Content-Type",
								"value": "application/json"
							},
							{
								"key": "Authorization",
								"value": "Bearer {{access_token}}",
								"type": "text"
							}
						],
						"body": {
							"mode": "raw",
							"raw": "{\n  \"company_id\": 1,\n  \"branch_id\": 1,\n  \"serie\": \"FF01\",\n  \"fecha_emision\": \"2025-09-06\",\n  \"moneda\": \"PEN\",\n  \"tipo_doc_afectado\": \"01\",\n  \"num_doc_afectado\": \"F001-000001\",\n  \"cod_motivo\": \"07\",\n  \"des_motivo\": \"DEVOLUCION DE PRODUCTOS CON ISC E ICBPER\",\n  \"client\": {\n    \"tipo_documento\": \"6\",\n    \"numero_documento\": \"20123456789\",\n    \"razon_social\": \"EMPRESA DE PRUEBA SAC\"\n  },\n  \"detalles\": [\n    {\n      \"codigo\": \"CIGA001\",\n      \"descripcion\": \"CIGARRILLOS DEVUELTOS\",\n      \"unidad\": \"PK\",\n      \"cantidad\": 2,\n      \"mto_valor_unitario\": 10.00,\n      \"porcentaje_igv\": 18.00,\n      \"tip_afe_igv\": \"10\",\n      \"isc\": 3.00,\n      \"tip_sis_isc\": \"01\",\n      \"mto_base_isc\": 10.00\n    },\n    {\n      \"codigo\": \"BOLS001\",\n      \"descripcion\": \"BOLSAS PLASTICAS DEVUELTAS\",\n      \"unidad\": \"NIU\",\n      \"cantidad\": 100,\n      \"mto_valor_unitario\": 0.10,\n      \"porcentaje_igv\": 18.00,\n      \"tip_afe_igv\": \"10\",\n      \"icbper\": 10.00,\n      \"factor_icbper\": 100\n    }\n  ]\n}"
						},
						"url": {
							"raw": "{{base_url}}/api/v1/credit-notes",
							"host": [
								"{{base_url}}"
							],
							"path": [
								"api",
								"v1",
								"credit-notes"
							]
						}
					},
					"response": []
				},
				{
					"name": "NC-ESP-004 - Múltiples Guías y Documentos",
					"request": {
						"method": "POST",
						"header": [
							{
								"key": "Content-Type",
								"value": "application/json"
							},
							{
								"key": "Authorization",
								"value": "Bearer {{access_token}}",
								"type": "text"
							},
							{
								"key": "Accept",
								"value": "application/json",
								"type": "text"
							}
						],
						"body": {
							"mode": "raw",
							"raw": "{\n  \"company_id\": 1,\n  \"branch_id\": 1,\n  \"serie\": \"FF01\",\n  \"fecha_emision\": \"2025-09-06\",\n  \"moneda\": \"PEN\",\n  \"tipo_doc_afectado\": \"01\",\n  \"num_doc_afectado\": \"F001-000001\",\n  \"cod_motivo\": \"06\",\n  \"des_motivo\": \"DEVOLUCION TOTAL CON MULTIPLES GUIAS\",\n  \"client\": {\n    \"tipo_documento\": \"6\",\n    \"numero_documento\": \"20123456789\",\n    \"razon_social\": \"EMPRESA DE PRUEBA SAC\"\n  },\n  \"guias\": [\n    {\n      \"tipo_doc\": \"09\",\n      \"nro_doc\": \"T001-000001\"\n    },\n    {\n      \"tipo_doc\": \"09\",\n      \"nro_doc\": \"T001-000002\"\n    },\n    {\n      \"tipo_doc\": \"31\",\n      \"nro_doc\": \"GRE-001\"\n    }\n  ],\n  \"detalles\": [\n    {\n      \"codigo\": \"LOTE001\",\n      \"descripcion\": \"LOTE COMPLETO DEVUELTO\",\n      \"unidad\": \"NIU\",\n      \"cantidad\": 50,\n      \"mto_valor_unitario\": 5.00,\n      \"porcentaje_igv\": 18.00,\n      \"tip_afe_igv\": \"10\"\n    }\n  ]\n}"
						},
						"url": {
							"raw": "{{base_url}}/api/v1/credit-notes",
							"host": [
								"{{base_url}}"
							],
							"path": [
								"api",
								"v1",
								"credit-notes"
							]
						}
					},
					"response": []
				},
				{
					"name": "NC-ESP-005 - Operaciones Mixtas",
					"request": {
						"method": "POST",
						"header": [
							{
								"key": "Content-Type",
								"value": "application/json"
							},
							{
								"key": "Accept",
								"value": "application/json",
								"type": "text"
							},
							{
								"key": "Authorization",
								"value": "Bearer {{access_token}}",
								"type": "text"
							}
						],
						"body": {
							"mode": "raw",
							"raw": "{\n  \"company_id\": 1,\n  \"branch_id\": 1,\n  \"serie\": \"FF01\",\n  \"fecha_emision\": \"2025-09-06\",\n  \"moneda\": \"PEN\",\n  \"tipo_doc_afectado\": \"01\",\n  \"num_doc_afectado\": \"F001-000001\",\n  \"cod_motivo\": \"07\",\n  \"des_motivo\": \"DEVOLUCION MIXTA - GRAVADO, EXONERADO E INAFECTO\",\n  \"client\": {\n    \"tipo_documento\": \"6\",\n    \"numero_documento\": \"20123456789\",\n    \"razon_social\": \"EMPRESA DE PRUEBA SAC\"\n  },\n  \"detalles\": [\n    {\n      \"codigo\": \"GRAV001\",\n      \"descripcion\": \"PRODUCTO GRAVADO DEVUELTO\",\n      \"unidad\": \"NIU\",\n      \"cantidad\": 2,\n      \"mto_valor_unitario\": 50.00,\n      \"porcentaje_igv\": 18.00,\n      \"tip_afe_igv\": \"10\"\n    },\n    {\n      \"codigo\": \"EXON001\",\n      \"descripcion\": \"PRODUCTO EXONERADO DEVUELTO\",\n      \"unidad\": \"NIU\",\n      \"cantidad\": 3,\n      \"mto_valor_unitario\": 30.00,\n      \"porcentaje_igv\": 0.00,\n      \"tip_afe_igv\": \"20\"\n    },\n    {\n      \"codigo\": \"INAF001\",\n      \"descripcion\": \"PRODUCTO INAFECTO DEVUELTO\",\n      \"unidad\": \"NIU\",\n      \"cantidad\": 1,\n      \"mto_valor_unitario\": 25.00,\n      \"porcentaje_igv\": 0.00,\n      \"tip_afe_igv\": \"30\"\n    }\n  ]\n}"
						},
						"url": {
							"raw": "{{base_url}}/api/v1/credit-notes",
							"host": [
								"{{base_url}}"
							],
							"path": [
								"api",
								"v1",
								"credit-notes"
							]
						}
					},
					"response": []
				}
			]
		},
		{
			"name": "5. Gestión y Consultas ✅",
			"item": [
				{
					"name": "Listar Notas de Crédito",
					"request": {
						"method": "GET",
						"header": [
							{
								"key": "Accept",
								"value": "application/json",
								"type": "text"
							},
							{
								"key": "Authorization",
								"value": "Bearer {{access_token}}",
								"type": "text"
							}
						],
						"url": {
							"raw": "{{base_url}}/api/v1/credit-notes?company_id=1&per_page=15",
							"host": [
								"{{base_url}}"
							],
							"path": [
								"api",
								"v1",
								"credit-notes"
							],
							"query": [
								{
									"key": "company_id",
									"value": "1"
								},
								{
									"key": "per_page",
									"value": "15"
								}
							]
						}
					},
					"response": []
				},
				{
					"name": "Obtener Nota por ID",
					"request": {
						"method": "GET",
						"header": [
							{
								"key": "Accept",
								"value": "application/json",
								"type": "text"
							},
							{
								"key": "Content-Type",
								"value": "application/json",
								"type": "text"
							},
							{
								"key": "Authorization",
								"value": "Bearer {{access_token}}",
								"type": "text"
							}
						],
						"url": {
							"raw": "{{base_url}}/api/v1/credit-notes/{{credit_note_id}}",
							"host": [
								"{{base_url}}"
							],
							"path": [
								"api",
								"v1",
								"credit-notes",
								"{{credit_note_id}}"
							]
						}
					},
					"response": []
				},
				{
					"name": "Filtrar por Estado SUNAT",
					"request": {
						"method": "GET",
						"header": [
							{
								"key": "Accept",
								"value": "application/json",
								"type": "text"
							},
							{
								"key": "Content-Type",
								"value": "application/json",
								"type": "text"
							},
							{
								"key": "Authorization",
								"value": "Bearer {{access_token}}",
								"type": "text"
							}
						],
						"url": {
							"raw": "{{base_url}}/api/v1/credit-notes?company_id=1&estado_sunat=PENDIENTE",
							"host": [
								"{{base_url}}"
							],
							"path": [
								"api",
								"v1",
								"credit-notes"
							],
							"query": [
								{
									"key": "company_id",
									"value": "1"
								},
								{
									"key": "estado_sunat",
									"value": "PENDIENTE"
								}
							]
						}
					},
					"response": []
				},
				{
					"name": "Filtrar por Tipo de Documento Afectado",
					"request": {
						"method": "GET",
						"header": [
							{
								"key": "Accept",
								"value": "application/json",
								"type": "text"
							},
							{
								"key": "Content-Type",
								"value": "application/json",
								"type": "text"
							},
							{
								"key": "Authorization",
								"value": "Bearer {{access_token}}",
								"type": "text"
							}
						],
						"url": {
							"raw": "{{base_url}}/api/v1/credit-notes?company_id=1&tipo_doc_afectado=01",
							"host": [
								"{{base_url}}"
							],
							"path": [
								"api",
								"v1",
								"credit-notes"
							],
							"query": [
								{
									"key": "company_id",
									"value": "1"
								},
								{
									"key": "tipo_doc_afectado",
									"value": "01"
								}
							]
						}
					},
					"response": []
				},
				{
					"name": "Filtrar por Rango de Fechas",
					"request": {
						"method": "GET",
						"header": [
							{
								"key": "Accept",
								"value": "application/json",
								"type": "text"
							},
							{
								"key": "Content-Type",
								"value": "application/json",
								"type": "text"
							},
							{
								"key": "Authorization",
								"value": "Bearer {{access_token}}",
								"type": "text"
							}
						],
						"url": {
							"raw": "{{base_url}}/api/v1/credit-notes?company_id=1&fecha_desde=2025-09-01&fecha_hasta=2025-09-30",
							"host": [
								"{{base_url}}"
							],
							"path": [
								"api",
								"v1",
								"credit-notes"
							],
							"query": [
								{
									"key": "company_id",
									"value": "1"
								},
								{
									"key": "fecha_desde",
									"value": "2025-09-01"
								},
								{
									"key": "fecha_hasta",
									"value": "2025-09-30"
								}
							]
						}
					},
					"response": []
				}
			]
		},
		{
			"name": "6. Operaciones SUNAT ✅",
			"item": [
				{
					"name": "Enviar Nota de Crédito a SUNAT",
					"event": [
						{
							"listen": "test",
							"script": {
								"exec": [
									"pm.test('Respuesta exitosa o error controlado', function () {",
									"    pm.expect(pm.response.code).to.be.oneOf([200, 400, 500]);",
									"    const response = pm.response.json();",
									"    pm.expect(response).to.have.property('success');",
									"    pm.expect(response).to.have.property('message');",
									"});"
								],
								"type": "text/javascript",
								"packages": {},
								"requests": {}
							}
						}
					],
					"request": {
						"method": "POST",
						"header": [
							{
								"key": "Content-Type",
								"value": "application/json"
							},
							{
								"key": "Authorization",
								"value": "Bearer {{access_token}}",
								"type": "text"
							}
						],
						"body": {
							"mode": "raw",
							"raw": ""
						},
						"url": {
							"raw": "{{base_url}}/api/v1/credit-notes/{{id}}/send-sunat",
							"host": [
								"{{base_url}}"
							],
							"path": [
								"api",
								"v1",
								"credit-notes",
								"{{id}}",
								"send-sunat"
							]
						}
					},
					"response": []
				}
			]
		},
		{
			"name": "7. Generación de Archivos ✅",
			"item": [
				{
					"name": "Generar PDF - Formato A4",
					"request": {
						"method": "POST",
						"header": [
							{
								"key": "Content-Type",
								"value": "application/json"
							},
							{
								"key": "Accept",
								"value": "application/json",
								"type": "text"
							},
							{
								"key": "Authorization",
								"value": "Bearer {{access_token}}",
								"type": "text"
							}
						],
						"body": {
							"mode": "raw",
							"raw": "{\n  \"format\": \"A4\"\n}"
						},
						"url": {
							"raw": "{{base_url}}/api/v1/credit-notes/{{credit_note_id}}/generate-pdf",
							"host": [
								"{{base_url}}"
							],
							"path": [
								"api",
								"v1",
								"credit-notes",
								"{{credit_note_id}}",
								"generate-pdf"
							]
						}
					},
					"response": []
				},
				{
					"name": "Generar PDF - Formato A5",
					"request": {
						"method": "POST",
						"header": [
							{
								"key": "Content-Type",
								"value": "application/json"
							},
							{
								"key": "Authorization",
								"value": "Bearer {{access_token}}",
								"type": "text"
							}
						],
						"body": {
							"mode": "raw",
							"raw": "{\n  \"format\": \"A5\",\n  \"generar_qr\": true\n}"
						},
						"url": {
							"raw": "{{base_url}}/api/v1/credit-notes/{{credit_note_id}}/generate-pdf",
							"host": [
								"{{base_url}}"
							],
							"path": [
								"api",
								"v1",
								"credit-notes",
								"{{credit_note_id}}",
								"generate-pdf"
							]
						}
					},
					"response": []
				},
				{
					"name": "Generar PDF - Formato 80mm",
					"request": {
						"method": "POST",
						"header": [
							{
								"key": "Content-Type",
								"value": "application/json"
							},
							{
								"key": "Authorization",
								"value": "Bearer {{access_token}}",
								"type": "text"
							}
						],
						"body": {
							"mode": "raw",
							"raw": "{\n  \"formato\": \"80mm\",\n  \"generar_qr\": false\n}"
						},
						"url": {
							"raw": "{{base_url}}/api/v1/credit-notes/{{credit_note_id}}/generate-pdf",
							"host": [
								"{{base_url}}"
							],
							"path": [
								"api",
								"v1",
								"credit-notes",
								"{{credit_note_id}}",
								"generate-pdf"
							]
						}
					},
					"response": []
				},
				{
					"name": "Generar PDF - Formato 50mm",
					"request": {
						"method": "POST",
						"header": [
							{
								"key": "Content-Type",
								"value": "application/json"
							},
							{
								"key": "Authorization",
								"value": "Bearer {{access_token}}",
								"type": "text"
							}
						],
						"body": {
							"mode": "raw",
							"raw": "{\n  \"formato\": \"50mm\",\n  \"generar_qr\": false\n}"
						},
						"url": {
							"raw": "{{base_url}}/api/v1/credit-notes/{{credit_note_id}}/generate-pdf",
							"host": [
								"{{base_url}}"
							],
							"path": [
								"api",
								"v1",
								"credit-notes",
								"{{credit_note_id}}",
								"generate-pdf"
							]
						}
					},
					"response": []
				},
				{
					"name": "Descargar XML",
					"request": {
						"method": "GET",
						"header": [
							{
								"key": "Accept",
								"value": "application/json",
								"type": "text"
							},
							{
								"key": "Content-Type",
								"value": "application/json",
								"type": "text"
							},
							{
								"key": "Authorization",
								"value": "Bearer {{access_token}}",
								"type": "text"
							}
						],
						"url": {
							"raw": "{{base_url}}/api/v1/credit-notes/{{credit_note_id}}/download-xml",
							"host": [
								"{{base_url}}"
							],
							"path": [
								"api",
								"v1",
								"credit-notes",
								"{{credit_note_id}}",
								"download-xml"
							]
						}
					},
					"response": []
				},
				{
					"name": "Descargar CDR",
					"request": {
						"method": "GET",
						"header": [
							{
								"key": "Accept",
								"value": "application/json",
								"type": "text"
							},
							{
								"key": "Content-Type",
								"value": "application/json",
								"type": "text"
							},
							{
								"key": "Authorization",
								"value": "Bearer {{access_token}}",
								"type": "text"
							}
						],
						"url": {
							"raw": "{{base_url}}/api/v1/credit-notes/{{credit_note_id}}/download-cdr",
							"host": [
								"{{base_url}}"
							],
							"path": [
								"api",
								"v1",
								"credit-notes",
								"{{credit_note_id}}",
								"download-cdr"
							]
						}
					},
					"response": []
				},
				{
					"name": "Descargar PDF",
					"request": {
						"method": "GET",
						"header": [
							{
								"key": "Accept",
								"value": "application/json",
								"type": "text"
							},
							{
								"key": "Content-Type",
								"value": "application/json",
								"type": "text"
							},
							{
								"key": "Authorization",
								"value": "Bearer {{access_token}}",
								"type": "text"
							}
						],
						"url": {
							"raw": "{{base_url}}/api/v1/credit-notes/{{credit_note_id}}/download-pdf?format=A5",
							"host": [
								"{{base_url}}"
							],
							"path": [
								"api",
								"v1",
								"credit-notes",
								"{{credit_note_id}}",
								"download-pdf"
							],
							"query": [
								{
									"key": "format",
									"value": "A5"
								}
							]
						}
					},
					"response": []
				}
			]
		}
	],
	"event": [
		{
			"listen": "prerequest",
			"script": {
				"type": "text/javascript",
				"requests": {},
				"exec": [
					""
				]
			}
		},
		{
			"listen": "test",
			"script": {
				"type": "text/javascript",
				"requests": {},
				"exec": [
					""
				]
			}
		}
	],
	"variable": [
		{
			"key": "base_url",
			"value": ""
		},
		{
			"key": "credit_note_id",
			"value": "1"
		}
	]
}