{
	"info": {
		"_postman_id": "d85be3b2-ce86-446d-a99f-87ee89dd5bdb",
		"name": "8. Actualización y Reenvío✅",
		"description": "Colección de Postman para actualizar y reenviar comprobantes rechazados por SUNAT sin crear duplicados.\n\n## Flujo de Trabajo\n\n1. **Listar Rechazados** - Ver comprobantes rechazados\n2. **Actualizar Factura** - Corregir datos del comprobante\n3. **Reenviar a SUNAT** - Enviar el comprobante corregido\n4. **Verificar Estado** - Confirmar aceptación\n\n## Variables de Entorno\n\nConfigura las siguientes variables:\n- `base_url`: http://localhost:8000 o tu URL\n- `invoice_id`: ID de la factura a actualizar",
		"schema": "https://schema.getpostman.com/json/collection/v2.1.0/collection.json",
		"_exporter_id": "20633485"
	},
	"item": [
		{
			"name": "1. Listar Facturas Rechazadas",
			"request": {
				"method": "GET",
				"header": [
					{
						"key": "Accept",
						"value": "application/json",
						"type": "text"
					},
					{
						"key": "Authorization",
						"value": "Bearer {{access_token}}",
						"type": "text"
					}
				],
				"url": {
					"raw": "{{base_url}}/api/v1/invoices?estado_sunat=RECHAZADO",
					"host": [
						"{{base_url}}"
					],
					"path": [
						"api",
						"v1",
						"invoices"
					],
					"query": [
						{
							"key": "estado_sunat",
							"value": "RECHAZADO",
							"description": "Filtrar solo rechazados"
						},
						{
							"key": "company_id",
							"value": "1",
							"description": "ID de la empresa",
							"disabled": true
						},
						{
							"key": "per_page",
							"value": "50",
							"description": "Resultados por página",
							"disabled": true
						}
					]
				},
				"description": "Obtiene la lista de facturas con estado RECHAZADO.\n\nEsto te permite identificar qué comprobantes necesitan corrección."
			},
			"response": [
				{
					"name": "Ejemplo: Facturas Rechazadas",
					"originalRequest": {
						"method": "GET",
						"header": [],
						"url": {
							"raw": "{{base_url}}/api/v1/invoices?estado_sunat=RECHAZADO",
							"host": [
								"{{base_url}}"
							],
							"path": [
								"api",
								"v1",
								"invoices"
							],
							"query": [
								{
									"key": "estado_sunat",
									"value": "RECHAZADO"
								}
							]
						}
					},
					"status": "OK",
					"code": 200,
					"_postman_previewlanguage": "json",
					"header": [
						{
							"key": "Content-Type",
							"value": "application/json"
						}
					],
					"cookie": [],
					"body": "{\n    \"success\": true,\n    \"message\": \"Facturas obtenidas correctamente\",\n    \"data\": [\n        {\n            \"id\": 123,\n            \"company_id\": 1,\n            \"branch_id\": 1,\n            \"numero_completo\": \"F001-00001234\",\n            \"fecha_emision\": \"2025-10-20\",\n            \"estado_sunat\": \"RECHAZADO\",\n            \"respuesta_sunat\": \"Error 2308: Fecha de emisión fuera de rango permitido\",\n            \"mto_imp_venta\": \"118.00\",\n            \"moneda\": \"PEN\",\n            \"client\": {\n                \"razon_social\": \"EMPRESA CLIENTE SAC\",\n                \"numero_documento\": \"20123456789\"\n            }\n        }\n    ],\n    \"meta\": {\n        \"current_page\": 1,\n        \"total\": 1\n    }\n}"
				}
			]
		},
		{
			"name": "2. Ver Detalle de Factura",
			"request": {
				"method": "GET",
				"header": [
					{
						"key": "Accept",
						"value": "application/json",
						"type": "text"
					},
					{
						"key": "Authorization",
						"value": "Bearer {{access_token}}",
						"type": "text"
					}
				],
				"url": {
					"raw": "{{base_url}}/api/v1/invoices/{{invoice_id}}",
					"host": [
						"{{base_url}}"
					],
					"path": [
						"api",
						"v1",
						"invoices",
						"{{invoice_id}}"
					]
				},
				"description": "Obtiene el detalle completo de una factura específica para ver qué campos necesitan corrección."
			},
			"response": []
		},
		{
			"name": "3A. Actualizar Factura - Ejemplo 1: Corregir Fecha",
			"event": [
				{
					"listen": "test",
					"script": {
						"exec": [
							"pm.test(\"Factura actualizada correctamente\", function () {",
							"    pm.response.to.have.status(200);",
							"    var jsonData = pm.response.json();",
							"    pm.expect(jsonData.success).to.be.true;",
							"    pm.expect(jsonData.data.estado_sunat).to.eql(\"PENDIENTE\");",
							"});"
						],
						"type": "text/javascript",
						"packages": {},
						"requests": {}
					}
				}
			],
			"request": {
				"method": "PUT",
				"header": [
					{
						"key": "Content-Type",
						"value": "application/json",
						"type": "text"
					},
					{
						"key": "Accept",
						"value": "application/json",
						"type": "text"
					},
					{
						"key": "Authorization",
						"value": "Bearer {{access_token}}",
						"type": "text"
					}
				],
				"body": {
					"mode": "raw",
					"raw": "{\n  \"fecha_emision\": \"2025-10-25\",\n  \"fecha_vencimiento\": \"2025-10-26\"\n}",
					"options": {
						"raw": {
							"language": "json"
						}
					}
				},
				"url": {
					"raw": "{{base_url}}/api/v1/invoices/{{invoice_id}}",
					"host": [
						"{{base_url}}"
					],
					"path": [
						"api",
						"v1",
						"invoices",
						"{{invoice_id}}"
					]
				},
				"description": "**Escenario:** Factura rechazada por fecha de emisión incorrecta.\n\n**Solución:** Actualizar solo el campo `fecha_emision` con la fecha correcta.\n\n**Resultado esperado:**\n- Estado cambia a PENDIENTE\n- Factura lista para reenviar"
			},
			"response": [
				{
					"name": "Ejemplo: Actualización Exitosa",
					"originalRequest": {
						"method": "PUT",
						"header": [
							{
								"key": "Content-Type",
								"value": "application/json",
								"type": "text"
							}
						],
						"body": {
							"mode": "raw",
							"raw": "{\n  \"fecha_emision\": \"2025-10-25\"\n}",
							"options": {
								"raw": {
									"language": "json"
								}
							}
						},
						"url": {
							"raw": "{{base_url}}/api/v1/invoices/123",
							"host": [
								"{{base_url}}"
							],
							"path": [
								"api",
								"v1",
								"invoices",
								"123"
							]
						}
					},
					"status": "OK",
					"code": 200,
					"_postman_previewlanguage": "json",
					"header": [
						{
							"key": "Content-Type",
							"value": "application/json"
						}
					],
					"cookie": [],
					"body": "{\n    \"success\": true,\n    \"message\": \"Factura actualizada correctamente. Estado restablecido a PENDIENTE para reenvío.\",\n    \"data\": {\n        \"id\": 123,\n        \"company_id\": 1,\n        \"branch_id\": 1,\n        \"numero_completo\": \"F001-00001234\",\n        \"fecha_emision\": \"2025-10-25\",\n        \"estado_sunat\": \"PENDIENTE\",\n        \"respuesta_sunat\": null,\n        \"xml_path\": null,\n        \"cdr_path\": null,\n        \"mto_imp_venta\": \"118.00\"\n    }\n}"
				}
			]
		},
		{
			"name": "3B. Actualizar Factura - Ejemplo 2: Corregir Cliente y Detalles",
			"event": [
				{
					"listen": "test",
					"script": {
						"exec": [
							"pm.test(\"Factura actualizada correctamente\", function () {",
							"    pm.response.to.have.status(200);",
							"    var jsonData = pm.response.json();",
							"    pm.expect(jsonData.success).to.be.true;",
							"    pm.expect(jsonData.data.estado_sunat).to.eql(\"PENDIENTE\");",
							"});"
						],
						"type": "text/javascript",
						"packages": {},
						"requests": {}
					}
				}
			],
			"request": {
				"method": "PUT",
				"header": [
					{
						"key": "Content-Type",
						"value": "application/json",
						"type": "text"
					},
					{
						"key": "Accept",
						"value": "application/json",
						"type": "text"
					},
					{
						"key": "Authorization",
						"value": "Bearer {{access_token}}",
						"type": "text"
					}
				],
				"body": {
					"mode": "raw",
					"raw": "{\n  \"fecha_emision\": \"2025-10-25\",\n  \"moneda\": \"PEN\",\n  \"tipo_operacion\": \"0101\",\n  \"forma_pago_tipo\": \"Contado\",\n  \"client\": {\n    \"tipo_documento\": \"6\",\n    \"numero_documento\": \"20123456789\",\n    \"razon_social\": \"EMPRESA CLIENTE CORREGIDO SAC\",\n    \"nombre_comercial\": \"Cliente Comercial\",\n    \"direccion\": \"Av. Los Negocios 123, Miraflores\",\n    \"ubigeo\": \"150140\",\n    \"distrito\": \"Miraflores\",\n    \"provincia\": \"Lima\",\n    \"departamento\": \"Lima\",\n    \"telefono\": \"01-2345678\",\n    \"email\": \"cliente@empresa.com\"\n  },\n  \"detalles\": [\n    {\n      \"codigo\": \"PROD001\",\n      \"descripcion\": \"Laptop HP Pavilion 15.6\\\" Intel Core i5\",\n      \"unidad\": \"NIU\",\n      \"cantidad\": 1,\n      \"mto_valor_unitario\": 100.00,\n      \"porcentaje_igv\": 18,\n      \"tip_afe_igv\": \"10\",\n      \"codigo_producto_sunat\": \"43211507\"\n    }\n  ]\n}",
					"options": {
						"raw": {
							"language": "json"
						}
					}
				},
				"url": {
					"raw": "{{base_url}}/api/v1/invoices/{{invoice_id}}",
					"host": [
						"{{base_url}}"
					],
					"path": [
						"api",
						"v1",
						"invoices",
						"{{invoice_id}}"
					]
				},
				"description": "**Escenario:** Factura rechazada por múltiples errores:\n- RUC del cliente incorrecto\n- Descripción del producto incorrecta\n- Montos con error de cálculo\n\n**Solución:** Actualizar cliente completo y todos los detalles.\n\n**Notas:**\n- Los totales se recalculan automáticamente\n- El IGV se calcula con el nuevo método de redondeo corregido\n- Estado se resetea a PENDIENTE"
			},
			"response": [
				{
					"name": "Ejemplo: Actualización Completa",
					"originalRequest": {
						"method": "PUT",
						"header": [
							{
								"key": "Content-Type",
								"value": "application/json",
								"type": "text"
							}
						],
						"body": {
							"mode": "raw",
							"raw": "{\n  \"fecha_emision\": \"2025-10-25\",\n  \"client\": {\n    \"tipo_documento\": \"6\",\n    \"numero_documento\": \"20123456789\",\n    \"razon_social\": \"EMPRESA CLIENTE CORREGIDO SAC\"\n  },\n  \"detalles\": [\n    {\n      \"codigo\": \"PROD001\",\n      \"descripcion\": \"Laptop HP Pavilion 15.6\\\" Intel Core i5\",\n      \"unidad\": \"NIU\",\n      \"cantidad\": 1,\n      \"mto_valor_unitario\": 100.00,\n      \"porcentaje_igv\": 18,\n      \"tip_afe_igv\": \"10\"\n    }\n  ]\n}",
							"options": {
								"raw": {
									"language": "json"
								}
							}
						},
						"url": {
							"raw": "{{base_url}}/api/v1/invoices/123",
							"host": [
								"{{base_url}}"
							],
							"path": [
								"api",
								"v1",
								"invoices",
								"123"
							]
						}
					},
					"status": "OK",
					"code": 200,
					"_postman_previewlanguage": "json",
					"header": [
						{
							"key": "Content-Type",
							"value": "application/json"
						}
					],
					"cookie": [],
					"body": "{\n    \"success\": true,\n    \"message\": \"Factura actualizada correctamente. Estado restablecido a PENDIENTE para reenvío.\",\n    \"data\": {\n        \"id\": 123,\n        \"numero_completo\": \"F001-00001234\",\n        \"fecha_emision\": \"2025-10-25\",\n        \"estado_sunat\": \"PENDIENTE\",\n        \"mto_oper_gravadas\": \"100.00\",\n        \"mto_igv\": \"18.00\",\n        \"mto_imp_venta\": \"118.00\",\n        \"client\": {\n            \"tipo_documento\": \"6\",\n            \"numero_documento\": \"20123456789\",\n            \"razon_social\": \"EMPRESA CLIENTE CORREGIDO SAC\"\n        },\n        \"detalles\": [\n            {\n                \"codigo\": \"PROD001\",\n                \"descripcion\": \"Laptop HP Pavilion 15.6\\\" Intel Core i5\",\n                \"cantidad\": 1,\n                \"mto_valor_unitario\": 100.00,\n                \"mto_precio_unitario\": 118.00,\n                \"igv\": 18.00\n            }\n        ]\n    }\n}"
				}
			]
		},
		{
			"name": "4. Reenviar Factura a SUNAT",
			"event": [
				{
					"listen": "test",
					"script": {
						"exec": [
							"pm.test(\"Factura aceptada por SUNAT\", function () {",
							"    pm.response.to.have.status(200);",
							"    var jsonData = pm.response.json();",
							"    pm.expect(jsonData.success).to.be.true;",
							"    pm.expect(jsonData.data.estado_sunat).to.eql(\"ACEPTADO\");",
							"    pm.expect(jsonData.data.codigo_hash).to.exist;",
							"});"
						],
						"type": "text/javascript",
						"packages": {},
						"requests": {}
					}
				}
			],
			"request": {
				"method": "POST",
				"header": [
					{
						"key": "Accept",
						"value": "application/json",
						"type": "text"
					},
					{
						"key": "Authorization",
						"value": "Bearer {{access_token}}",
						"type": "text"
					}
				],
				"url": {
					"raw": "{{base_url}}/api/v1/invoices/{{invoice_id}}/send-sunat",
					"host": [
						"{{base_url}}"
					],
					"path": [
						"api",
						"v1",
						"invoices",
						"{{invoice_id}}",
						"send-sunat"
					]
				},
				"description": "Envía la factura corregida a SUNAT.\n\n**Requisitos previos:**\n- La factura debe estar en estado PENDIENTE o RECHAZADO\n- Los datos deben estar correctos\n\n**Proceso:**\n1. Genera nuevo XML\n2. Firma el documento\n3. Envía a SUNAT\n4. Recibe CDR\n5. Actualiza estado a ACEPTADO o RECHAZADO"
			},
			"response": [
				{
					"name": "Ejemplo: Envío Exitoso",
					"originalRequest": {
						"method": "POST",
						"header": [
							{
								"key": "Accept",
								"value": "",
								"type": "text",
								"disabled": true
							}
						],
						"url": {
							"raw": "{{base_url}}/api/v1/invoices/123/send-sunat",
							"host": [
								"{{base_url}}"
							],
							"path": [
								"api",
								"v1",
								"invoices",
								"123",
								"send-sunat"
							]
						}
					},
					"status": "OK",
					"code": 200,
					"_postman_previewlanguage": "json",
					"header": [
						{
							"key": "Content-Type",
							"value": "application/json"
						}
					],
					"cookie": [],
					"body": "{\n    \"success\": true,\n    \"message\": \"Factura enviada y aceptada por SUNAT\",\n    \"data\": {\n        \"id\": 123,\n        \"numero_completo\": \"F001-00001234\",\n        \"fecha_emision\": \"2025-10-25\",\n        \"estado_sunat\": \"ACEPTADO\",\n        \"codigo_hash\": \"abcdef1234567890\",\n        \"xml_path\": \"sunat/1/2025/10/01/F001/F001-00001234.xml\",\n        \"cdr_path\": \"sunat/1/2025/10/01/F001/R-F001-00001234.zip\",\n        \"respuesta_sunat\": \"La Factura numero F001-00001234, ha sido aceptada\",\n        \"mto_imp_venta\": \"118.00\"\n    }\n}"
				},
				{
					"name": "Ejemplo: Envío Rechazado (error persiste)",
					"originalRequest": {
						"method": "POST",
						"header": [],
						"url": {
							"raw": "{{base_url}}/api/v1/invoices/123/send-sunat",
							"host": [
								"{{base_url}}"
							],
							"path": [
								"api",
								"v1",
								"invoices",
								"123",
								"send-sunat"
							]
						}
					},
					"status": "Bad Request",
					"code": 400,
					"_postman_previewlanguage": "json",
					"header": [
						{
							"key": "Content-Type",
							"value": "application/json"
						}
					],
					"cookie": [],
					"body": "{\n    \"success\": false,\n    \"message\": \"SUNAT rechazó el documento: Error 2335 - El RUC del cliente no está activo\",\n    \"error\": {\n        \"code\": \"2335\",\n        \"sunat_message\": \"El RUC del cliente no está activo\",\n        \"invoice_id\": 123,\n        \"numero\": \"F001-00001234\"\n    }\n}"
				}
			]
		},
		{
			"name": "5. Verificar Estado Final",
			"request": {
				"method": "GET",
				"header": [
					{
						"key": "Accept",
						"value": "application/json",
						"type": "text"
					},
					{
						"key": "Authorization",
						"value": "Bearer {{access_token}}",
						"type": "text"
					}
				],
				"url": {
					"raw": "{{base_url}}/api/v1/invoices/{{invoice_id}}",
					"host": [
						"{{base_url}}"
					],
					"path": [
						"api",
						"v1",
						"invoices",
						"{{invoice_id}}"
					]
				},
				"description": "Verifica el estado final de la factura después del reenvío."
			},
			"response": [
				{
					"name": "Factura Aceptada",
					"originalRequest": {
						"method": "GET",
						"header": [],
						"url": {
							"raw": "{{base_url}}/api/v1/invoices/123",
							"host": [
								"{{base_url}}"
							],
							"path": [
								"api",
								"v1",
								"invoices",
								"123"
							]
						}
					},
					"status": "OK",
					"code": 200,
					"_postman_previewlanguage": "json",
					"header": [
						{
							"key": "Content-Type",
							"value": "application/json"
						}
					],
					"cookie": [],
					"body": "{\n    \"success\": true,\n    \"data\": {\n        \"id\": 123,\n        \"numero_completo\": \"F001-00001234\",\n        \"estado_sunat\": \"ACEPTADO\",\n        \"codigo_hash\": \"abcdef1234567890\",\n        \"xml_path\": \"sunat/1/2025/10/01/F001/F001-00001234.xml\",\n        \"cdr_path\": \"sunat/1/2025/10/01/F001/R-F001-00001234.zip\"\n    }\n}"
				}
			]
		},
		{
			"name": "EXTRA: Descargar XML",
			"request": {
				"method": "GET",
				"header": [
					{
						"key": "Accept",
						"value": "application/json",
						"type": "text"
					},
					{
						"key": "Authorization",
						"value": "Bearer {{access_token}}",
						"type": "text"
					}
				],
				"url": {
					"raw": "{{base_url}}/api/v1/invoices/{{invoice_id}}/download-xml",
					"host": [
						"{{base_url}}"
					],
					"path": [
						"api",
						"v1",
						"invoices",
						"{{invoice_id}}",
						"download-xml"
					]
				},
				"description": "Descarga el archivo XML de la factura aceptada."
			},
			"response": []
		},
		{
			"name": "EXTRA: Descargar CDR",
			"request": {
				"method": "GET",
				"header": [
					{
						"key": "Accept",
						"value": "application/json",
						"type": "text"
					},
					{
						"key": "Authorization",
						"value": "Bearer {{access_token}}",
						"type": "text"
					}
				],
				"url": {
					"raw": "{{base_url}}/api/v1/invoices/{{invoice_id}}/download-cdr",
					"host": [
						"{{base_url}}"
					],
					"path": [
						"api",
						"v1",
						"invoices",
						"{{invoice_id}}",
						"download-cdr"
					]
				},
				"description": "Descarga la Constancia de Recepción (CDR) de SUNAT."
			},
			"response": []
		}
	],
	"event": [
		{
			"listen": "prerequest",
			"script": {
				"type": "text/javascript",
				"exec": [
					""
				]
			}
		},
		{
			"listen": "test",
			"script": {
				"type": "text/javascript",
				"exec": [
					""
				]
			}
		}
	],
	"variable": [
		{
			"key": "base_url",
			"value": "http://localhost:8000",
			"type": "string"
		},
		{
			"key": "invoice_id",
			"value": "123",
			"type": "string"
		}
	]
}