{
	"info": {
		"_postman_id": "0936008e-ba49-46ad-9fe9-c3196f865a44",
		"name": "9. Bancarización ✅",
		"schema": "https://schema.getpostman.com/json/collection/v2.1.0/collection.json",
		"_exporter_id": "20633485"
	},
	"item": [
		{
			"name": "Medios de pago",
			"request": {
				"method": "GET",
				"header": [
					{
						"key": "Accept",
						"value": "application/json",
						"type": "text"
					},
					{
						"key": "Authorization",
						"value": "Bearer {{access_token}}",
						"type": "text"
					}
				],
				"url": {
					"raw": "{{base_url}}/api/v1/bancarizacion/medios-pago",
					"host": [
						"{{base_url}}"
					],
					"path": [
						"api",
						"v1",
						"bancarizacion",
						"medios-pago"
					]
				}
			},
			"response": []
		},
		{
			"name": "Validar la bancarizacion",
			"request": {
				"method": "POST",
				"header": [
					{
						"key": "Accept",
						"value": "application/json",
						"type": "text"
					},
					{
						"key": "Authorization",
						"value": "Bearer {{access_token}}",
						"type": "text"
					},
					{
						"key": "Content-Type",
						"value": "application/json",
						"type": "text"
					}
				],
				"body": {
					"mode": "raw",
					"raw": " {\r\n    \"monto_total\": 2500.00,\r\n    \"moneda\": \"PEN\",\r\n    \"bancarizacion\": {\r\n      \"medio_pago\": \"YAPE\",\r\n      \"numero_operacion\": \"OP-123456\"\r\n    }\r\n  }",
					"options": {
						"raw": {
							"language": "json"
						}
					}
				},
				"url": {
					"raw": "{{base_url}}/api/v1/bancarizacion/validar",
					"host": [
						"{{base_url}}"
					],
					"path": [
						"api",
						"v1",
						"bancarizacion",
						"validar"
					]
				}
			},
			"response": []
		},
		{
			"name": "Reporte de comprobantes sin medio de pago",
			"protocolProfileBehavior": {
				"disableBodyPruning": true
			},
			"request": {
				"method": "GET",
				"header": [
					{
						"key": "Accept",
						"value": "application/json",
						"type": "text"
					},
					{
						"key": "Authorization",
						"value": "Bearer {{access_token}}",
						"type": "text"
					},
					{
						"key": "Content-Type",
						"value": "application/json",
						"type": "text"
					}
				],
				"body": {
					"mode": "raw",
					"raw": " /*Reporte de documentos sin medio de pago\r\n  ?tipo_documento=todos\r\n  &fecha_desde=2025-01-01\r\n  &fecha_hasta=2025-12-31*/\r\n",
					"options": {
						"raw": {
							"language": "json"
						}
					}
				},
				"url": {
					"raw": "{{base_url}}/api/v1/bancarizacion/reportes/sin-bancarizacion?tipo_documento=todos",
					"host": [
						"{{base_url}}"
					],
					"path": [
						"api",
						"v1",
						"bancarizacion",
						"reportes",
						"sin-bancarizacion"
					],
					"query": [
						{
							"key": "tipo_documento",
							"value": "todos"
						}
					]
				}
			},
			"response": []
		},
		{
			"name": "Estadísticas de cumplimiento de bancarización",
			"protocolProfileBehavior": {
				"disableBodyPruning": true
			},
			"request": {
				"method": "GET",
				"header": [
					{
						"key": "Accept",
						"value": "application/json",
						"type": "text"
					},
					{
						"key": "Authorization",
						"value": "Bearer {{access_token}}",
						"type": "text"
					},
					{
						"key": "Content-Type",
						"value": "application/json",
						"type": "text"
					}
				],
				"body": {
					"mode": "raw",
					"raw": " /* Estadísticas de cumplimiento de bancarización\r\n  ?fecha_desde=2025-01-01\r\n  &fecha_hasta=2025-12-31*/\r\n",
					"options": {
						"raw": {
							"language": "json"
						}
					}
				},
				"url": {
					"raw": "{{base_url}}/api/v1/bancarizacion/estadisticas",
					"host": [
						"{{base_url}}"
					],
					"path": [
						"api",
						"v1",
						"bancarizacion",
						"estadisticas"
					]
				}
			},
			"response": []
		}
	]
}